#! /usr/bin/vvp
:ivl_version "12.0 (stable)";
:ivl_delay_selection "TYPICAL";
:vpi_time_precision + 0;
:vpi_module "/usr/lib/x86_64-linux-gnu/ivl/system.vpi";
:vpi_module "/usr/lib/x86_64-linux-gnu/ivl/vhdl_sys.vpi";
:vpi_module "/usr/lib/x86_64-linux-gnu/ivl/vhdl_textio.vpi";
:vpi_module "/usr/lib/x86_64-linux-gnu/ivl/v2005_math.vpi";
:vpi_module "/usr/lib/x86_64-linux-gnu/ivl/va_math.vpi";
:vpi_module "/usr/lib/x86_64-linux-gnu/ivl/v2009.vpi";
S_0x5ed300128540 .scope package, "$unit" "$unit" 2 1;
 .timescale 0 0;
S_0x5ed30005ed60 .scope module, "one_bit_wide_shift_register_with_reset" "one_bit_wide_shift_register_with_reset" 3 5;
 .timescale 0 0;
    .port_info 0 /INPUT 1 "clk";
    .port_info 1 /INPUT 1 "rst";
    .port_info 2 /INPUT 1 "in_data";
    .port_info 3 /OUTPUT 1 "out_data";
P_0x5ed2fff90940 .param/l "depth" 0 3 7, +C4<00000000000000000000000000001000>;
o0x7ca2918b7018 .functor BUFZ 1, C4<z>; HiZ drive
v0x5ed30002eff0_0 .net "clk", 0 0, o0x7ca2918b7018;  0 drivers
v0x5ed30002f090_0 .var "data", 7 0;
o0x7ca2918b7078 .functor BUFZ 1, C4<z>; HiZ drive
v0x5ed3000316c0_0 .net "in_data", 0 0, o0x7ca2918b7078;  0 drivers
v0x5ed3000317c0_0 .net "out_data", 0 0, L_0x5ed30018a390;  1 drivers
o0x7ca2918b70d8 .functor BUFZ 1, C4<z>; HiZ drive
v0x5ed300031fd0_0 .net "rst", 0 0, o0x7ca2918b70d8;  0 drivers
E_0x5ed2fffaa260 .event posedge, v0x5ed30002eff0_0;
L_0x5ed30018a390 .part v0x5ed30002f090_0, 7, 1;
S_0x5ed300075070 .scope module, "shift_register" "shift_register" 3 29;
 .timescale 0 0;
    .port_info 0 /INPUT 1 "clk";
    .port_info 1 /INPUT 8 "in_data";
    .port_info 2 /OUTPUT 8 "out_data";
P_0x5ed3001495a0 .param/l "depth" 0 3 31, +C4<00000000000000000000000000001000>;
P_0x5ed3001495e0 .param/l "width" 0 3 31, +C4<00000000000000000000000000001000>;
v0x5ed3000def50_7 .array/port v0x5ed3000def50, 7;
L_0x5ed30018a430 .functor BUFZ 8, v0x5ed3000def50_7, C4<00000000>, C4<00000000>, C4<00000000>;
o0x7ca2918b71f8 .functor BUFZ 1, C4<z>; HiZ drive
v0x5ed3000de8f0_0 .net "clk", 0 0, o0x7ca2918b71f8;  0 drivers
v0x5ed3000def50 .array "data", 7 0, 7 0;
o0x7ca2918b73a8 .functor BUFZ 8, C4<zzzzzzzz>; HiZ drive
v0x5ed3000dfcf0_0 .net "in_data", 7 0, o0x7ca2918b73a8;  0 drivers
v0x5ed3000e0310_0 .net "out_data", 7 0, L_0x5ed30018a430;  1 drivers
E_0x5ed2fff4c900 .event posedge, v0x5ed3000de8f0_0;
S_0x5ed3000cea90 .scope begin, "$ivl_for_loop3" "$ivl_for_loop3" 3 44, 3 44 0, S_0x5ed300075070;
 .timescale 0 0;
v0x5ed3000320a0_0 .var/2s "i", 31 0;
S_0x5ed3000a2470 .scope module, "shift_register_with_valid" "shift_register_with_valid" 3 56;
 .timescale 0 0;
    .port_info 0 /INPUT 1 "clk";
    .port_info 1 /INPUT 1 "rst";
    .port_info 2 /INPUT 1 "in_vld";
    .port_info 3 /INPUT 8 "in_data";
    .port_info 4 /OUTPUT 1 "out_vld";
    .port_info 5 /OUTPUT 8 "out_data";
P_0x5ed30002e230 .param/l "depth" 0 3 58, +C4<00000000000000000000000000001000>;
P_0x5ed30002e270 .param/l "width" 0 3 58, +C4<00000000000000000000000000001000>;
o0x7ca2918b7498 .functor BUFZ 1, C4<z>; HiZ drive
v0x5ed3000e1090_0 .net "clk", 0 0, o0x7ca2918b7498;  0 drivers
o0x7ca2918b74c8 .functor BUFZ 8, C4<zzzzzzzz>; HiZ drive
v0x5ed3000e16d0_0 .net "in_data", 7 0, o0x7ca2918b74c8;  0 drivers
o0x7ca2918b74f8 .functor BUFZ 1, C4<z>; HiZ drive
v0x5ed3000e2430_0 .net "in_vld", 0 0, o0x7ca2918b74f8;  0 drivers
o0x7ca2918b7528 .functor BUFZ 8, C4<zzzzzzzz>; HiZ drive
v0x5ed3000e2a90_0 .net "out_data", 7 0, o0x7ca2918b7528;  0 drivers
o0x7ca2918b7558 .functor BUFZ 1, C4<z>; HiZ drive
v0x5ed3000e37f0_0 .net "out_vld", 0 0, o0x7ca2918b7558;  0 drivers
o0x7ca2918b7588 .functor BUFZ 1, C4<z>; HiZ drive
v0x5ed3000e3e50_0 .net "rst", 0 0, o0x7ca2918b7588;  0 drivers
S_0x5ed3000b8780 .scope module, "tb" "tb" 4 6;
 .timescale 0 0;
S_0x5ed3000fbf20 .scope module, "i_formula_2_pipe_using_fifos_tb" "formula_tb" 4 25, 5 5 0, S_0x5ed3000b8780;
 .timescale 0 0;
P_0x5ed30002bf10 .param/l "arg_width" 1 5 18, +C4<00000000000000000000000000100000>;
P_0x5ed30002bf50 .param/l "fifo" 0 5 9, +C4<00000000000000000000000000000001>;
P_0x5ed30002bf90 .param/l "formula" 0 5 7, +C4<00000000000000000000000000000010>;
P_0x5ed30002bfd0 .param/l "gap_between_tests" 1 5 107, +C4<00000000000000000000000001100100>;
P_0x5ed30002c010 .param/l "max_latency" 1 5 106, +C4<00000000000000000000000000010000>;
P_0x5ed30002c050 .param/l "pipe" 0 5 8, +C4<00000000000000000000000000000001>;
P_0x5ed30002c090 .param/l "res_width" 1 5 18, +C4<00000000000000000000000000100000>;
v0x5ed300189540_0 .var "a", 31 0;
v0x5ed300189630_0 .var "arg_cnt", 32 0;
v0x5ed3001896d0_0 .var "arg_vld", 0 0;
v0x5ed300189770_0 .var "b", 31 0;
v0x5ed300189810_0 .var "c", 31 0;
v0x5ed300189950_0 .var "clk", 0 0;
v0x5ed3001899f0_0 .var "clk_enable", 0 0;
v0x5ed300189a90_0 .var/2u "cycle", 31 0;
v0x5ed300189b30_0 .var "n_cycles", 32 0;
v0x5ed300189c60_0 .var/queue "queue", 32;
v0x5ed300189d00_0 .net "res", 31 0, L_0x5ed3001c3050;  1 drivers
v0x5ed300189da0_0 .var "res_cnt", 32 0;
v0x5ed300189e40_0 .var "res_expected", 31 0;
v0x5ed300189f00_0 .net "res_vld", 0 0, L_0x5ed3001c2df0;  1 drivers
v0x5ed300189fa0_0 .var "rst", 0 0;
v0x5ed30018a040_0 .var/2u "run_completed", 0 0;
v0x5ed30018a100_0 .var/str "test_id";
v0x5ed30018a2d0_0 .var "was_reset", 0 0;
S_0x5ed300112230 .scope begin, "$ivl_for_loop2" "$ivl_for_loop2" 5 351, 5 351 0, S_0x5ed3000fbf20;
 .timescale 0 0;
v0x5ed3000e5bd0_0 .var/2s "i", 31 0;
S_0x5ed300048a50 .scope function.vec4.s32, "formula_1_fn" "formula_1_fn" 6 10, 6 10 0, S_0x5ed3000fbf20;
 .timescale 0 0;
v0x5ed3000d3420_0 .var "a", 31 0;
v0x5ed3000e9ad0_0 .var "b", 31 0;
v0x5ed3000e9dc0_0 .var "c", 31 0;
; Variable formula_1_fn is vec4 return value of scope S_0x5ed300048a50
TD_tb.i_formula_2_pipe_using_fifos_tb.formula_1_fn ;
    %load/vec4 v0x5ed3000d3420_0;
    %store/vec4 v0x5ed300188be0_0, 0, 32;
    %callf/vec4 TD_tb.i_formula_2_pipe_using_fifos_tb.isqrt_fn, S_0x5ed300188690;
    %pad/u 32;
    %load/vec4 v0x5ed3000e9ad0_0;
    %store/vec4 v0x5ed300188be0_0, 0, 32;
    %callf/vec4 TD_tb.i_formula_2_pipe_using_fifos_tb.isqrt_fn, S_0x5ed300188690;
    %pad/u 32;
    %add;
    %load/vec4 v0x5ed3000e9dc0_0;
    %store/vec4 v0x5ed300188be0_0, 0, 32;
    %callf/vec4 TD_tb.i_formula_2_pipe_using_fifos_tb.isqrt_fn, S_0x5ed300188690;
    %pad/u 32;
    %add;
    %ret/vec4 0, 0, 32;  Assign to formula_1_fn (store_vec4_to_lval)
    %disable/flow S_0x5ed300048a50;
    %end;
S_0x5ed30002e030 .scope function.vec4.s32, "formula_2_fn" "formula_2_fn" 7 10, 7 10 0, S_0x5ed3000fbf20;
 .timescale 0 0;
v0x5ed3000ee2d0_0 .var "a", 31 0;
v0x5ed3000f23f0_0 .var "b", 31 0;
v0x5ed3000f26e0_0 .var "c", 31 0;
; Variable formula_2_fn is vec4 return value of scope S_0x5ed30002e030
TD_tb.i_formula_2_pipe_using_fifos_tb.formula_2_fn ;
    %load/vec4 v0x5ed3000ee2d0_0;
    %load/vec4 v0x5ed3000f23f0_0;
    %load/vec4 v0x5ed3000f26e0_0;
    %store/vec4 v0x5ed300188be0_0, 0, 32;
    %callf/vec4 TD_tb.i_formula_2_pipe_using_fifos_tb.isqrt_fn, S_0x5ed300188690;
    %pad/u 32;
    %add;
    %store/vec4 v0x5ed300188be0_0, 0, 32;
    %callf/vec4 TD_tb.i_formula_2_pipe_using_fifos_tb.isqrt_fn, S_0x5ed300188690;
    %pad/u 32;
    %add;
    %store/vec4 v0x5ed300188be0_0, 0, 32;
    %callf/vec4 TD_tb.i_formula_2_pipe_using_fifos_tb.isqrt_fn, S_0x5ed300188690;
    %pad/u 32;
    %ret/vec4 0, 0, 32;  Assign to formula_2_fn (store_vec4_to_lval)
    %disable/flow S_0x5ed30002e030;
    %end;
S_0x5ed30012be30 .scope generate, "if_formula_2_pipe_using_fifos" "if_formula_2_pipe_using_fifos" 5 50, 5 50 0, S_0x5ed3000fbf20;
 .timescale 0 0;
S_0x5ed3001293e0 .scope module, "i_formula_2_pipe_using_fifos" "formula_2_pipe_using_fifos" 5 56, 8 5 0, S_0x5ed30012be30;
 .timescale 0 0;
    .port_info 0 /INPUT 1 "clk";
    .port_info 1 /INPUT 1 "rst";
    .port_info 2 /INPUT 1 "arg_vld";
    .port_info 3 /INPUT 32 "a";
    .port_info 4 /INPUT 32 "b";
    .port_info 5 /INPUT 32 "c";
    .port_info 6 /OUTPUT 1 "res_vld";
    .port_info 7 /OUTPUT 32 "res";
P_0x5ed3000f6bb0 .param/l "N_PIPE_STAGES" 1 8 44, +C4<00000000000000000000000000000011>;
L_0x7ca2915ba8a0 .functor BUFT 1, C4<0000000000000000>, C4<0>, C4<0>, C4<0>;
v0x5ed300187690_0 .net *"_ivl_3", 15 0, L_0x7ca2915ba8a0;  1 drivers
v0x5ed300187730_0 .net "a", 31 0, v0x5ed300189540_0;  1 drivers
v0x5ed300187800_0 .net "arg_vld", 0 0, v0x5ed3001896d0_0;  1 drivers
v0x5ed3001878d0_0 .net "b", 31 0, v0x5ed300189770_0;  1 drivers
v0x5ed3001879a0_0 .net "c", 31 0, v0x5ed300189810_0;  1 drivers
v0x5ed300187a40_0 .net "clk", 0 0, v0x5ed300189950_0;  1 drivers
v0x5ed300187ae0_0 .net "out_a", 31 0, L_0x5ed30018acf0;  1 drivers
v0x5ed300187bb0_0 .net "out_b", 31 0, L_0x5ed30018a710;  1 drivers
v0x5ed300187c80_0 .net "res", 31 0, L_0x5ed3001c3050;  alias, 1 drivers
v0x5ed300187db0_0 .net "res_vld", 0 0, L_0x5ed3001c2df0;  alias, 1 drivers
v0x5ed300187e80_0 .net "rst", 0 0, v0x5ed300189fa0_0;  1 drivers
v0x5ed300187f20_0 .net "sqrt_1_out", 15 0, L_0x5ed3001a87f0;  1 drivers
v0x5ed300187ff0_0 .var "sqrt_2_in", 31 0;
v0x5ed3001880c0_0 .net "sqrt_2_out", 15 0, L_0x5ed3001b6140;  1 drivers
v0x5ed300188190_0 .var "sqrt_3_in", 31 0;
v0x5ed300188260_0 .net "sqrt_vld_1_out", 0 0, L_0x5ed3001a8630;  1 drivers
v0x5ed300188300_0 .var "sqrt_vld_2_in", 0 0;
v0x5ed3001884b0_0 .net "sqrt_vld_2_out", 0 0, L_0x5ed3001b5f80;  1 drivers
v0x5ed3001885a0_0 .var "sqrt_vld_3_in", 0 0;
L_0x5ed3001c3050 .concat [ 16 16 0 0], L_0x5ed3001c2fb0, L_0x7ca2915ba8a0;
S_0x5ed300126d30 .scope module, "i_flip_flop_fifo_with_counter_a" "flip_flop_fifo_with_counter" 8 70, 9 1 0, S_0x5ed3001293e0;
 .timescale 0 0;
    .port_info 0 /INPUT 1 "clk";
    .port_info 1 /INPUT 1 "rst";
    .port_info 2 /INPUT 1 "push";
    .port_info 3 /INPUT 1 "pop";
    .port_info 4 /INPUT 32 "write_data";
    .port_info 5 /OUTPUT 32 "read_data";
    .port_info 6 /OUTPUT 1 "empty";
    .port_info 7 /OUTPUT 1 "full";
P_0x5ed300144e10 .param/l "counter_width" 1 9 19, +C4<00000000000000000000000000000011>;
P_0x5ed300144e50 .param/l "depth" 0 9 3, +C4<00000000000000000000000000000000000000000000000000000000000000111>;
P_0x5ed300144e90 .param/l "max_ptr" 1 9 21, +C4<110>;
P_0x5ed300144ed0 .param/l "pointer_width" 1 9 18, +C4<00000000000000000000000000000011>;
P_0x5ed300144f10 .param/l "width" 0 9 3, +C4<00000000000000000000000000100000>;
L_0x5ed30018acf0 .functor BUFZ 32, L_0x5ed30018aae0, C4<00000000000000000000000000000000>, C4<00000000000000000000000000000000>, C4<00000000000000000000000000000000>;
v0x5ed300108760_0 .net *"_ivl_0", 31 0, L_0x5ed30018aae0;  1 drivers
L_0x7ca2915b7180 .functor BUFT 1, C4<111>, C4<0>, C4<0>, C4<0>;
v0x5ed300108a50_0 .net/2u *"_ivl_12", 2 0, L_0x7ca2915b7180;  1 drivers
v0x5ed30010cbc0_0 .net *"_ivl_2", 4 0, L_0x5ed30018ab80;  1 drivers
L_0x7ca2915b70f0 .functor BUFT 1, C4<00>, C4<0>, C4<0>, C4<0>;
v0x5ed30010ceb0_0 .net *"_ivl_5", 1 0, L_0x7ca2915b70f0;  1 drivers
L_0x7ca2915b7138 .functor BUFT 1, C4<000>, C4<0>, C4<0>, C4<0>;
v0x5ed300111f20_0 .net/2u *"_ivl_8", 2 0, L_0x7ca2915b7138;  1 drivers
v0x5ed3001161b0_0 .net "clk", 0 0, v0x5ed300189950_0;  alias, 1 drivers
v0x5ed3001164a0_0 .var "cnt", 2 0;
v0x5ed30011a610 .array "data", 6 0, 31 0;
v0x5ed30011a900_0 .net "empty", 0 0, L_0x5ed30018ae50;  1 drivers
v0x5ed30011ea70_0 .net "full", 0 0, L_0x5ed30018af40;  1 drivers
v0x5ed30011ed60_0 .net "pop", 0 0, L_0x5ed3001b5f80;  alias, 1 drivers
v0x5ed300122ed0_0 .net "push", 0 0, v0x5ed3001896d0_0;  alias, 1 drivers
v0x5ed3001231c0_0 .var "rd_ptr", 2 0;
v0x5ed300128230_0 .net "read_data", 31 0, L_0x5ed30018acf0;  alias, 1 drivers
v0x5ed30012c4c0_0 .net "rst", 0 0, v0x5ed300189fa0_0;  alias, 1 drivers
v0x5ed30012c7b0_0 .var "wr_ptr", 2 0;
v0x5ed30012dbb0_0 .net "write_data", 31 0, v0x5ed300189540_0;  alias, 1 drivers
E_0x5ed2fffab9c0 .event posedge, v0x5ed30012c4c0_0, v0x5ed3001161b0_0;
E_0x5ed3001551c0 .event posedge, v0x5ed3001161b0_0;
L_0x5ed30018aae0 .array/port v0x5ed30011a610, L_0x5ed30018ab80;
L_0x5ed30018ab80 .concat [ 3 2 0 0], v0x5ed3001231c0_0, L_0x7ca2915b70f0;
L_0x5ed30018ae50 .cmp/eq 3, v0x5ed3001164a0_0, L_0x7ca2915b7138;
L_0x5ed30018af40 .cmp/eq 3, v0x5ed3001164a0_0, L_0x7ca2915b7180;
S_0x5ed3001242e0 .scope module, "i_flip_flop_fifo_with_counter_b" "flip_flop_fifo_with_counter" 8 56, 9 1 0, S_0x5ed3001293e0;
 .timescale 0 0;
    .port_info 0 /INPUT 1 "clk";
    .port_info 1 /INPUT 1 "rst";
    .port_info 2 /INPUT 1 "push";
    .port_info 3 /INPUT 1 "pop";
    .port_info 4 /INPUT 32 "write_data";
    .port_info 5 /OUTPUT 32 "read_data";
    .port_info 6 /OUTPUT 1 "empty";
    .port_info 7 /OUTPUT 1 "full";
P_0x5ed30012a2c0 .param/l "counter_width" 1 9 19, +C4<00000000000000000000000000000010>;
P_0x5ed30012a300 .param/l "depth" 0 9 3, +C4<00000000000000000000000000000011>;
P_0x5ed30012a340 .param/l "max_ptr" 1 9 21, +C4<10>;
P_0x5ed30012a380 .param/l "pointer_width" 1 9 18, +C4<00000000000000000000000000000010>;
P_0x5ed30012a3c0 .param/l "width" 0 9 3, +C4<00000000000000000000000000100000>;
L_0x5ed30018a710 .functor BUFZ 32, L_0x5ed30018a4a0, C4<00000000000000000000000000000000>, C4<00000000000000000000000000000000>, C4<00000000000000000000000000000000>;
v0x5ed30012ed40_0 .net *"_ivl_0", 31 0, L_0x5ed30018a4a0;  1 drivers
L_0x7ca2915b70a8 .functor BUFT 1, C4<11>, C4<0>, C4<0>, C4<0>;
v0x5ed30012f960_0 .net/2u *"_ivl_12", 1 0, L_0x7ca2915b70a8;  1 drivers
v0x5ed30012ffc0_0 .net *"_ivl_2", 3 0, L_0x5ed30018a5a0;  1 drivers
L_0x7ca2915b7018 .functor BUFT 1, C4<00>, C4<0>, C4<0>, C4<0>;
v0x5ed300130d20_0 .net *"_ivl_5", 1 0, L_0x7ca2915b7018;  1 drivers
L_0x7ca2915b7060 .functor BUFT 1, C4<00>, C4<0>, C4<0>, C4<0>;
v0x5ed300131380_0 .net/2u *"_ivl_8", 1 0, L_0x7ca2915b7060;  1 drivers
v0x5ed3001320e0_0 .net "clk", 0 0, v0x5ed300189950_0;  alias, 1 drivers
v0x5ed300132740_0 .var "cnt", 1 0;
v0x5ed3001334a0 .array "data", 2 0, 31 0;
v0x5ed300133b00_0 .net "empty", 0 0, L_0x5ed30018a820;  1 drivers
v0x5ed300134860_0 .net "full", 0 0, L_0x5ed30018a940;  1 drivers
v0x5ed300134ec0_0 .net "pop", 0 0, L_0x5ed3001a8630;  alias, 1 drivers
v0x5ed300135c20_0 .net "push", 0 0, v0x5ed3001896d0_0;  alias, 1 drivers
v0x5ed300136280_0 .var "rd_ptr", 1 0;
v0x5ed300136fe0_0 .net "read_data", 31 0, L_0x5ed30018a710;  alias, 1 drivers
v0x5ed300137150_0 .net "rst", 0 0, v0x5ed300189fa0_0;  alias, 1 drivers
v0x5ed300137640_0 .var "wr_ptr", 1 0;
v0x5ed3001383a0_0 .net "write_data", 31 0, v0x5ed300189770_0;  alias, 1 drivers
L_0x5ed30018a4a0 .array/port v0x5ed3001334a0, L_0x5ed30018a5a0;
L_0x5ed30018a5a0 .concat [ 2 2 0 0], v0x5ed300136280_0, L_0x7ca2915b7018;
L_0x5ed30018a820 .cmp/eq 2, v0x5ed300132740_0, L_0x7ca2915b7060;
L_0x5ed30018a940 .cmp/eq 2, v0x5ed300132740_0, L_0x7ca2915b70a8;
S_0x5ed300122840 .scope module, "isqrt1" "isqrt" 8 82, 10 6 0, S_0x5ed3001293e0;
 .timescale 0 0;
    .port_info 0 /INPUT 1 "clk";
    .port_info 1 /INPUT 1 "rst";
    .port_info 2 /INPUT 1 "x_vld";
    .port_info 3 /INPUT 32 "x";
    .port_info 4 /OUTPUT 1 "y_vld";
    .port_info 5 /OUTPUT 16 "y";
P_0x5ed300138a00 .param/l "m" 1 10 24, C4<01000000000000000000000000000000>;
P_0x5ed300138a40 .param/l "n_pipe_stages" 0 10 8, +C4<00000000000000000000000000000011>;
P_0x5ed300138a80 .param/l "n_slices" 1 10 21, +C4<00000000000000000000000000010000>;
P_0x5ed300138ac0 .param/l "n_slices_per_stage" 1 10 22, +C4<00000000000000000000000000000101>;
L_0x5ed3001a8470 .functor BUFZ 1, v0x5ed3001896d0_0, C4<0>, C4<0>, C4<0>;
L_0x5ed3001a8530 .functor BUFZ 32, v0x5ed300189810_0, C4<00000000000000000000000000000000>, C4<00000000000000000000000000000000>, C4<00000000000000000000000000000000>;
v0x5ed30008a630_0 .net *"_ivl_98", 0 0, L_0x5ed3001a8470;  1 drivers
v0x5ed300089f40_0 .net "clk", 0 0, v0x5ed300189950_0;  alias, 1 drivers
v0x5ed30008a000_0 .net "ivld", 15 0, L_0x5ed3001a80c0;  1 drivers
v0x5ed300089270 .array "ix", 15 0;
v0x5ed300089270_0 .net v0x5ed300089270 0, 31 0, L_0x5ed3001a8530; 1 drivers
v0x5ed300089270_1 .net v0x5ed300089270 1, 31 0, L_0x5ed3001a5d20; 1 drivers
v0x5ed300089270_2 .net v0x5ed300089270 2, 31 0, L_0x5ed3001a5ea0; 1 drivers
v0x5ed300089270_3 .net v0x5ed300089270 3, 31 0, L_0x5ed3001a61f0; 1 drivers
v0x5ed300089270_4 .net v0x5ed300089270 4, 31 0, L_0x5ed3001a6360; 1 drivers
v0x5ed300089270_5 .net v0x5ed300089270 5, 31 0, L_0x5ed3001a65a0; 1 drivers
v0x5ed300089270_6 .net v0x5ed300089270 6, 31 0, L_0x5ed3001a67b0; 1 drivers
v0x5ed300089270_7 .net v0x5ed300089270 7, 31 0, L_0x5ed3001a6a90; 1 drivers
v0x5ed300089270_8 .net v0x5ed300089270 8, 31 0, L_0x5ed3001a6c10; 1 drivers
v0x5ed300089270_9 .net v0x5ed300089270 9, 31 0, L_0x5ed3001a6f00; 1 drivers
v0x5ed300089270_10 .net v0x5ed300089270 10, 31 0, L_0x5ed3001a7080; 1 drivers
v0x5ed300089270_11 .net v0x5ed300089270 11, 31 0, L_0x5ed3001a7380; 1 drivers
v0x5ed300089270_12 .net v0x5ed300089270 12, 31 0, L_0x5ed3001a7590; 1 drivers
v0x5ed300089270_13 .net v0x5ed300089270 13, 31 0, L_0x5ed3001a78a0; 1 drivers
v0x5ed300089270_14 .net v0x5ed300089270 14, 31 0, L_0x5ed3001a7ab0; 1 drivers
v0x5ed300089270_15 .net v0x5ed300089270 15, 31 0, L_0x5ed3001a7f50; 1 drivers
L_0x7ca2915b83c8 .functor BUFT 1, C4<00000000000000000000000000000000>, C4<0>, C4<0>, C4<0>;
v0x5ed300088b80 .array "iy", 15 0;
v0x5ed300088b80_0 .net v0x5ed300088b80 0, 31 0, L_0x7ca2915b83c8; 1 drivers
v0x5ed300088b80_1 .net v0x5ed300088b80 1, 31 0, L_0x5ed3001a5d90; 1 drivers
v0x5ed300088b80_2 .net v0x5ed300088b80 2, 31 0, L_0x5ed3001a5f10; 1 drivers
v0x5ed300088b80_3 .net v0x5ed300088b80 3, 31 0, L_0x5ed3001a6260; 1 drivers
v0x5ed300088b80_4 .net v0x5ed300088b80 4, 31 0, L_0x5ed3001a63d0; 1 drivers
v0x5ed300088b80_5 .net v0x5ed300088b80 5, 31 0, L_0x5ed3001a6610; 1 drivers
v0x5ed300088b80_6 .net v0x5ed300088b80 6, 31 0, L_0x5ed3001a6820; 1 drivers
v0x5ed300088b80_7 .net v0x5ed300088b80 7, 31 0, L_0x5ed3001a6b00; 1 drivers
v0x5ed300088b80_8 .net v0x5ed300088b80 8, 31 0, L_0x5ed3001a6c80; 1 drivers
v0x5ed300088b80_9 .net v0x5ed300088b80 9, 31 0, L_0x5ed3001a6f70; 1 drivers
v0x5ed300088b80_10 .net v0x5ed300088b80 10, 31 0, L_0x5ed3001a70f0; 1 drivers
v0x5ed300088b80_11 .net v0x5ed300088b80 11, 31 0, L_0x5ed3001a73f0; 1 drivers
v0x5ed300088b80_12 .net v0x5ed300088b80 12, 31 0, L_0x5ed3001a7600; 1 drivers
v0x5ed300088b80_13 .net v0x5ed300088b80 13, 31 0, L_0x5ed3001a7910; 1 drivers
v0x5ed300088b80_14 .net v0x5ed300088b80 14, 31 0, L_0x5ed3001a7b20; 1 drivers
v0x5ed300088b80_15 .net v0x5ed300088b80 15, 31 0, L_0x5ed3001a7fc0; 1 drivers
v0x5ed300087eb0_0 .net "ovld", 15 0, L_0x5ed3001a5520;  1 drivers
v0x5ed300087f50 .array "ox", 15 0;
v0x5ed300087f50_0 .net v0x5ed300087f50 0, 31 0, L_0x5ed30019b420; 1 drivers
v0x5ed300087f50_1 .net v0x5ed300087f50 1, 31 0, L_0x5ed30019be20; 1 drivers
v0x5ed300087f50_2 .net v0x5ed300087f50 2, 31 0, L_0x5ed30019c890; 1 drivers
v0x5ed300087f50_3 .net v0x5ed300087f50 3, 31 0, L_0x5ed30019d3c0; 1 drivers
v0x5ed300087f50_4 .net v0x5ed300087f50 4, 31 0, v0x5ed3000b3730_0; 1 drivers
v0x5ed300087f50_5 .net v0x5ed300087f50 5, 31 0, L_0x5ed30019e750; 1 drivers
v0x5ed300087f50_6 .net v0x5ed300087f50 6, 31 0, L_0x5ed30019f1b0; 1 drivers
v0x5ed300087f50_7 .net v0x5ed300087f50 7, 31 0, L_0x5ed30019fbd0; 1 drivers
v0x5ed300087f50_8 .net v0x5ed300087f50 8, 31 0, L_0x5ed3001a0640; 1 drivers
v0x5ed300087f50_9 .net v0x5ed300087f50 9, 31 0, v0x5ed3000ebe30_0; 1 drivers
v0x5ed300087f50_10 .net v0x5ed300087f50 10, 31 0, L_0x5ed3001a19f0; 1 drivers
v0x5ed300087f50_11 .net v0x5ed300087f50 11, 31 0, L_0x5ed3001a2410; 1 drivers
v0x5ed300087f50_12 .net v0x5ed300087f50 12, 31 0, L_0x5ed3001a2ea0; 1 drivers
v0x5ed300087f50_13 .net v0x5ed300087f50 13, 31 0, L_0x5ed3001a38c0; 1 drivers
v0x5ed300087f50_14 .net v0x5ed300087f50 14, 31 0, v0x5ed30012cd70_0; 1 drivers
v0x5ed300087f50_15 .net v0x5ed300087f50 15, 31 0, L_0x5ed3001a4f40; 1 drivers
v0x5ed3000877c0 .array "oy", 15 0;
v0x5ed3000877c0_0 .net v0x5ed3000877c0 0, 31 0, L_0x5ed30019b3b0; 1 drivers
v0x5ed3000877c0_1 .net v0x5ed3000877c0 1, 31 0, L_0x5ed30019bdb0; 1 drivers
v0x5ed3000877c0_2 .net v0x5ed3000877c0 2, 31 0, L_0x5ed30019c820; 1 drivers
v0x5ed3000877c0_3 .net v0x5ed3000877c0 3, 31 0, L_0x5ed30019d350; 1 drivers
v0x5ed3000877c0_4 .net v0x5ed3000877c0 4, 31 0, v0x5ed3000b04c0_0; 1 drivers
v0x5ed3000877c0_5 .net v0x5ed3000877c0 5, 31 0, L_0x5ed30019e6e0; 1 drivers
v0x5ed3000877c0_6 .net v0x5ed3000877c0 6, 31 0, L_0x5ed30019f140; 1 drivers
v0x5ed3000877c0_7 .net v0x5ed3000877c0 7, 31 0, L_0x5ed30019fb60; 1 drivers
v0x5ed3000877c0_8 .net v0x5ed3000877c0 8, 31 0, L_0x5ed3001a05d0; 1 drivers
v0x5ed3000877c0_9 .net v0x5ed3000877c0 9, 31 0, v0x5ed3000e7970_0; 1 drivers
v0x5ed3000877c0_10 .net v0x5ed3000877c0 10, 31 0, L_0x5ed3001a1980; 1 drivers
v0x5ed3000877c0_11 .net v0x5ed3000877c0 11, 31 0, L_0x5ed3001a23a0; 1 drivers
v0x5ed3000877c0_12 .net v0x5ed3000877c0 12, 31 0, L_0x5ed3001a2e30; 1 drivers
v0x5ed3000877c0_13 .net v0x5ed3000877c0 13, 31 0, L_0x5ed3001a3850; 1 drivers
v0x5ed3000877c0_14 .net v0x5ed3000877c0 14, 31 0, v0x5ed3000e5410_0; 1 drivers
v0x5ed3000877c0_15 .net v0x5ed3000877c0 15, 31 0, L_0x5ed3001a4ed0; 1 drivers
v0x5ed300086af0_0 .net "rst", 0 0, v0x5ed300189fa0_0;  alias, 1 drivers
v0x5ed300086b90_0 .net "x", 31 0, v0x5ed300189810_0;  alias, 1 drivers
v0x5ed300086400_0 .net "x_vld", 0 0, v0x5ed3001896d0_0;  alias, 1 drivers
v0x5ed3000864a0_0 .net "y", 15 0, L_0x5ed3001a87f0;  alias, 1 drivers
v0x5ed300085730_0 .net "y_vld", 0 0, L_0x5ed3001a8630;  alias, 1 drivers
L_0x5ed30019ba20 .part L_0x5ed3001a80c0, 0, 1;
L_0x5ed30019c440 .part L_0x5ed3001a80c0, 1, 1;
L_0x5ed30019cfc0 .part L_0x5ed3001a80c0, 2, 1;
L_0x5ed30019d950 .part L_0x5ed3001a80c0, 3, 1;
L_0x5ed30019e350 .part L_0x5ed3001a80c0, 4, 1;
L_0x5ed30019ed70 .part L_0x5ed3001a80c0, 5, 1;
L_0x5ed30019f7d0 .part L_0x5ed3001a80c0, 6, 1;
L_0x5ed3001a01f0 .part L_0x5ed3001a80c0, 7, 1;
L_0x5ed3001a0bd0 .part L_0x5ed3001a80c0, 8, 1;
L_0x5ed3001a15e0 .part L_0x5ed3001a80c0, 9, 1;
L_0x5ed3001a2010 .part L_0x5ed3001a80c0, 10, 1;
L_0x5ed3001a2a30 .part L_0x5ed3001a80c0, 11, 1;
L_0x5ed3001a34c0 .part L_0x5ed3001a80c0, 12, 1;
L_0x5ed3001a3ee0 .part L_0x5ed3001a80c0, 13, 1;
L_0x5ed3001a4b40 .part L_0x5ed3001a80c0, 14, 1;
LS_0x5ed3001a5520_0_0 .concat8 [ 1 1 1 1], L_0x5ed30019ba20, L_0x5ed30019c440, L_0x5ed30019cfc0, L_0x5ed30019d950;
LS_0x5ed3001a5520_0_4 .concat8 [ 1 1 1 1], v0x5ed3000b3690_0, L_0x5ed30019ed70, L_0x5ed30019f7d0, L_0x5ed3001a01f0;
LS_0x5ed3001a5520_0_8 .concat8 [ 1 1 1 1], L_0x5ed3001a0bd0, v0x5ed3000ebd90_0, L_0x5ed3001a2010, L_0x5ed3001a2a30;
LS_0x5ed3001a5520_0_12 .concat8 [ 1 1 1 1], L_0x5ed3001a34c0, L_0x5ed3001a3ee0, v0x5ed30012ccd0_0, L_0x5ed3001a5aa0;
L_0x5ed3001a5520 .concat8 [ 4 4 4 4], LS_0x5ed3001a5520_0_0, LS_0x5ed3001a5520_0_4, LS_0x5ed3001a5520_0_8, LS_0x5ed3001a5520_0_12;
L_0x5ed3001a5aa0 .part L_0x5ed3001a80c0, 15, 1;
L_0x5ed3001a5b90 .part L_0x5ed3001a5520, 0, 1;
L_0x5ed3001a5e00 .part L_0x5ed3001a5520, 1, 1;
L_0x5ed3001a6010 .part L_0x5ed3001a5520, 2, 1;
L_0x5ed3001a5c80 .part L_0x5ed3001a5520, 3, 1;
L_0x5ed3001a6440 .part L_0x5ed3001a5520, 4, 1;
L_0x5ed3001a6710 .part L_0x5ed3001a5520, 5, 1;
L_0x5ed3001a6920 .part L_0x5ed3001a5520, 6, 1;
L_0x5ed3001a6b70 .part L_0x5ed3001a5520, 7, 1;
L_0x5ed3001a6d80 .part L_0x5ed3001a5520, 8, 1;
L_0x5ed3001a6fe0 .part L_0x5ed3001a5520, 9, 1;
L_0x5ed3001a71f0 .part L_0x5ed3001a5520, 10, 1;
L_0x5ed3001a74f0 .part L_0x5ed3001a5520, 11, 1;
L_0x5ed3001a7700 .part L_0x5ed3001a5520, 12, 1;
L_0x5ed3001a7a10 .part L_0x5ed3001a5520, 13, 1;
L_0x5ed3001a7b90 .part L_0x5ed3001a5520, 14, 1;
LS_0x5ed3001a80c0_0_0 .concat8 [ 1 1 1 1], L_0x5ed3001a8470, L_0x5ed3001a5b90, L_0x5ed3001a5e00, L_0x5ed3001a6010;
LS_0x5ed3001a80c0_0_4 .concat8 [ 1 1 1 1], L_0x5ed3001a5c80, L_0x5ed3001a6440, L_0x5ed3001a6710, L_0x5ed3001a6920;
LS_0x5ed3001a80c0_0_8 .concat8 [ 1 1 1 1], L_0x5ed3001a6b70, L_0x5ed3001a6d80, L_0x5ed3001a6fe0, L_0x5ed3001a71f0;
LS_0x5ed3001a80c0_0_12 .concat8 [ 1 1 1 1], L_0x5ed3001a74f0, L_0x5ed3001a7700, L_0x5ed3001a7a10, L_0x5ed3001a7b90;
L_0x5ed3001a80c0 .concat8 [ 4 4 4 4], LS_0x5ed3001a80c0_0_0, LS_0x5ed3001a80c0_0_4, LS_0x5ed3001a80c0_0_8, LS_0x5ed3001a80c0_0_12;
L_0x5ed3001a8630 .part L_0x5ed3001a5520, 15, 1;
L_0x5ed3001a87f0 .part L_0x5ed3001a4ed0, 0, 16;
S_0x5ed30011fdf0 .scope generate, "u[0]" "u[0]" 10 41, 10 41 0, S_0x5ed300122840;
 .timescale 0 0;
P_0x5ed300136340 .param/l "i" 1 10 41, +C4<00>;
S_0x5ed30011e3e0 .scope generate, "slice_comb_gen" "slice_comb_gen" 10 43, 10 43 0, S_0x5ed30011fdf0;
 .timescale 0 0;
v0x5ed300140610_0 .net *"_ivl_4", 0 0, L_0x5ed30019ba20;  1 drivers
S_0x5ed30011b990 .scope module, "inst" "isqrt_slice_comb" 10 45, 11 1 0, S_0x5ed30011e3e0;
 .timescale 0 0;
    .port_info 0 /INPUT 32 "ix";
    .port_info 1 /INPUT 32 "iy";
    .port_info 2 /OUTPUT 32 "ox";
    .port_info 3 /OUTPUT 32 "oy";
P_0x5ed300139800 .param/l "m" 0 11 3, C4<01000000000000000000000000000000>;
L_0x7ca2915b71c8 .functor BUFT 1, C4<01000000000000000000000000000000>, C4<0>, C4<0>, C4<0>;
L_0x5ed30019b0c0 .functor OR 32, L_0x7ca2915b83c8, L_0x7ca2915b71c8, C4<00000000000000000000000000000000>, C4<00000000000000000000000000000000>;
L_0x5ed30019b3b0 .functor OR 32, L_0x5ed30019b630, L_0x5ed30019b800, C4<00000000000000000000000000000000>, C4<00000000000000000000000000000000>;
v0x5ed300139e10_0 .net/2u *"_ivl_0", 31 0, L_0x7ca2915b71c8;  1 drivers
v0x5ed30013ab60_0 .net *"_ivl_10", 31 0, L_0x5ed30019b630;  1 drivers
v0x5ed30013b1a0_0 .net *"_ivl_12", 30 0, L_0x5ed30019b560;  1 drivers
L_0x7ca2915b7210 .functor BUFT 1, C4<0>, C4<0>, C4<0>, C4<0>;
v0x5ed30013bee0_0 .net *"_ivl_14", 0 0, L_0x7ca2915b7210;  1 drivers
L_0x7ca2915b7258 .functor BUFT 1, C4<01000000000000000000000000000000>, C4<0>, C4<0>, C4<0>;
v0x5ed30013c540_0 .net/2u *"_ivl_16", 31 0, L_0x7ca2915b7258;  1 drivers
L_0x7ca2915b72a0 .functor BUFT 1, C4<00000000000000000000000000000000>, C4<0>, C4<0>, C4<0>;
v0x5ed30013d2a0_0 .net/2u *"_ivl_18", 31 0, L_0x7ca2915b72a0;  1 drivers
v0x5ed30013d900_0 .net *"_ivl_20", 31 0, L_0x5ed30019b800;  1 drivers
v0x5ed30013e660_0 .net *"_ivl_6", 31 0, L_0x5ed30019b310;  1 drivers
v0x5ed30013ecc0_0 .net "b", 31 0, L_0x5ed30019b0c0;  1 drivers
v0x5ed30013f680_0 .net "ix", 31 0, L_0x5ed3001a8530;  alias, 1 drivers
v0x5ed30012ced0_0 .net "iy", 31 0, L_0x7ca2915b83c8;  alias, 1 drivers
v0x5ed300140ab0_0 .net "ox", 31 0, L_0x5ed30019b420;  alias, 1 drivers
v0x5ed300136480_0 .net "oy", 31 0, L_0x5ed30019b3b0;  alias, 1 drivers
v0x5ed300137840_0 .net "x_ge_b", 0 0, L_0x5ed30019b1d0;  1 drivers
L_0x5ed30019b1d0 .cmp/ge 32, L_0x5ed3001a8530, L_0x5ed30019b0c0;
L_0x5ed30019b310 .arith/sub 32, L_0x5ed3001a8530, L_0x5ed30019b0c0;
L_0x5ed30019b420 .functor MUXZ 32, L_0x5ed3001a8530, L_0x5ed30019b310, L_0x5ed30019b1d0, C4<>;
L_0x5ed30019b560 .part L_0x7ca2915b83c8, 1, 31;
L_0x5ed30019b630 .concat [ 31 1 0 0], L_0x5ed30019b560, L_0x7ca2915b7210;
L_0x5ed30019b800 .functor MUXZ 32, L_0x7ca2915b72a0, L_0x7ca2915b7258, L_0x5ed30019b1d0, C4<>;
S_0x5ed300119f80 .scope generate, "u[1]" "u[1]" 10 41, 10 41 0, S_0x5ed300122840;
 .timescale 0 0;
P_0x5ed30013d360 .param/l "i" 1 10 41, +C4<01>;
S_0x5ed300117530 .scope generate, "slice_comb_gen" "slice_comb_gen" 10 43, 10 43 0, S_0x5ed300119f80;
 .timescale 0 0;
v0x5ed3001179c0_0 .net *"_ivl_4", 0 0, L_0x5ed30019c440;  1 drivers
S_0x5ed300115b20 .scope module, "inst" "isqrt_slice_comb" 10 45, 11 1 0, S_0x5ed300117530;
 .timescale 0 0;
    .port_info 0 /INPUT 32 "ix";
    .port_info 1 /INPUT 32 "iy";
    .port_info 2 /OUTPUT 32 "ox";
    .port_info 3 /OUTPUT 32 "oy";
P_0x5ed300128800 .param/l "m" 0 11 3, C4<00010000000000000000000000000000>;
L_0x7ca2915b72e8 .functor BUFT 1, C4<00010000000000000000000000000000>, C4<0>, C4<0>, C4<0>;
L_0x5ed30019bac0 .functor OR 32, L_0x5ed3001a5d90, L_0x7ca2915b72e8, C4<00000000000000000000000000000000>, C4<00000000000000000000000000000000>;
L_0x5ed30019bdb0 .functor OR 32, L_0x5ed30019c090, L_0x5ed30019c1d0, C4<00000000000000000000000000000000>, C4<00000000000000000000000000000000>;
v0x5ed300112450_0 .net/2u *"_ivl_0", 31 0, L_0x7ca2915b72e8;  1 drivers
v0x5ed3000fc140_0 .net *"_ivl_10", 31 0, L_0x5ed30019c090;  1 drivers
v0x5ed30012ca40_0 .net *"_ivl_12", 30 0, L_0x5ed30019bff0;  1 drivers
L_0x7ca2915b7330 .functor BUFT 1, C4<0>, C4<0>, C4<0>, C4<0>;
v0x5ed300129870_0 .net *"_ivl_14", 0 0, L_0x7ca2915b7330;  1 drivers
L_0x7ca2915b7378 .functor BUFT 1, C4<00010000000000000000000000000000>, C4<0>, C4<0>, C4<0>;
v0x5ed300128eb0_0 .net/2u *"_ivl_16", 31 0, L_0x7ca2915b7378;  1 drivers
L_0x7ca2915b73c0 .functor BUFT 1, C4<00000000000000000000000000000000>, C4<0>, C4<0>, C4<0>;
v0x5ed300128bc0_0 .net/2u *"_ivl_18", 31 0, L_0x7ca2915b73c0;  1 drivers
v0x5ed300124770_0 .net *"_ivl_20", 31 0, L_0x5ed30019c1d0;  1 drivers
v0x5ed300123450_0 .net *"_ivl_6", 31 0, L_0x5ed30019bd10;  1 drivers
v0x5ed300120280_0 .net "b", 31 0, L_0x5ed30019bac0;  1 drivers
v0x5ed30011f280_0 .net "ix", 31 0, L_0x5ed3001a5d20;  alias, 1 drivers
v0x5ed30011eff0_0 .net "iy", 31 0, L_0x5ed3001a5d90;  alias, 1 drivers
v0x5ed30011be20_0 .net "ox", 31 0, L_0x5ed30019be20;  alias, 1 drivers
v0x5ed30011ae20_0 .net "oy", 31 0, L_0x5ed30019bdb0;  alias, 1 drivers
v0x5ed30011ab90_0 .net "x_ge_b", 0 0, L_0x5ed30019bbd0;  1 drivers
L_0x5ed30019bbd0 .cmp/ge 32, L_0x5ed3001a5d20, L_0x5ed30019bac0;
L_0x5ed30019bd10 .arith/sub 32, L_0x5ed3001a5d20, L_0x5ed30019bac0;
L_0x5ed30019be20 .functor MUXZ 32, L_0x5ed3001a5d20, L_0x5ed30019bd10, L_0x5ed30019bbd0, C4<>;
L_0x5ed30019bff0 .part L_0x5ed3001a5d90, 1, 31;
L_0x5ed30019c090 .concat [ 31 1 0 0], L_0x5ed30019bff0, L_0x7ca2915b7330;
L_0x5ed30019c1d0 .functor MUXZ 32, L_0x7ca2915b73c0, L_0x7ca2915b7378, L_0x5ed30019bbd0, C4<>;
S_0x5ed3001130d0 .scope generate, "u[2]" "u[2]" 10 41, 10 41 0, S_0x5ed300122840;
 .timescale 0 0;
P_0x5ed3000fc220 .param/l "i" 1 10 41, +C4<010>;
S_0x5ed300110a20 .scope generate, "slice_comb_gen" "slice_comb_gen" 10 43, 10 43 0, S_0x5ed3001130d0;
 .timescale 0 0;
v0x5ed300100420_0 .net *"_ivl_4", 0 0, L_0x5ed30019cfc0;  1 drivers
S_0x5ed30010dfd0 .scope module, "inst" "isqrt_slice_comb" 10 45, 11 1 0, S_0x5ed300110a20;
 .timescale 0 0;
    .port_info 0 /INPUT 32 "ix";
    .port_info 1 /INPUT 32 "iy";
    .port_info 2 /OUTPUT 32 "ox";
    .port_info 3 /OUTPUT 32 "oy";
P_0x5ed300124850 .param/l "m" 0 11 3, C4<00000100000000000000000000000000>;
L_0x7ca2915b7408 .functor BUFT 1, C4<00000100000000000000000000000000>, C4<0>, C4<0>, C4<0>;
L_0x5ed30019c530 .functor OR 32, L_0x5ed3001a5f10, L_0x7ca2915b7408, C4<00000000000000000000000000000000>, C4<00000000000000000000000000000000>;
L_0x5ed30019c820 .functor OR 32, L_0x5ed30019cb00, L_0x5ed30019cd50, C4<00000000000000000000000000000000>, C4<00000000000000000000000000000000>;
v0x5ed300116730_0 .net/2u *"_ivl_0", 31 0, L_0x7ca2915b7408;  1 drivers
v0x5ed300113560_0 .net *"_ivl_10", 31 0, L_0x5ed30019cb00;  1 drivers
v0x5ed300112ba0_0 .net *"_ivl_12", 30 0, L_0x5ed30019ca60;  1 drivers
L_0x7ca2915b7450 .functor BUFT 1, C4<0>, C4<0>, C4<0>, C4<0>;
v0x5ed3001128b0_0 .net *"_ivl_14", 0 0, L_0x7ca2915b7450;  1 drivers
L_0x7ca2915b7498 .functor BUFT 1, C4<00000100000000000000000000000000>, C4<0>, C4<0>, C4<0>;
v0x5ed30010e460_0 .net/2u *"_ivl_16", 31 0, L_0x7ca2915b7498;  1 drivers
L_0x7ca2915b74e0 .functor BUFT 1, C4<00000000000000000000000000000000>, C4<0>, C4<0>, C4<0>;
v0x5ed30010d140_0 .net/2u *"_ivl_18", 31 0, L_0x7ca2915b74e0;  1 drivers
v0x5ed300109f70_0 .net *"_ivl_20", 31 0, L_0x5ed30019cd50;  1 drivers
v0x5ed300108f70_0 .net *"_ivl_6", 31 0, L_0x5ed30019c780;  1 drivers
v0x5ed300108ce0_0 .net "b", 31 0, L_0x5ed30019c530;  1 drivers
v0x5ed300105b10_0 .net "ix", 31 0, L_0x5ed3001a5ea0;  alias, 1 drivers
v0x5ed300104b10_0 .net "iy", 31 0, L_0x5ed3001a5f10;  alias, 1 drivers
v0x5ed300104880_0 .net "ox", 31 0, L_0x5ed30019c890;  alias, 1 drivers
v0x5ed3001016b0_0 .net "oy", 31 0, L_0x5ed30019c820;  alias, 1 drivers
v0x5ed3001006b0_0 .net "x_ge_b", 0 0, L_0x5ed30019c640;  1 drivers
L_0x5ed30019c640 .cmp/ge 32, L_0x5ed3001a5ea0, L_0x5ed30019c530;
L_0x5ed30019c780 .arith/sub 32, L_0x5ed3001a5ea0, L_0x5ed30019c530;
L_0x5ed30019c890 .functor MUXZ 32, L_0x5ed3001a5ea0, L_0x5ed30019c780, L_0x5ed30019c640, C4<>;
L_0x5ed30019ca60 .part L_0x5ed3001a5f10, 1, 31;
L_0x5ed30019cb00 .concat [ 31 1 0 0], L_0x5ed30019ca60, L_0x7ca2915b7450;
L_0x5ed30019cd50 .functor MUXZ 32, L_0x7ca2915b74e0, L_0x7ca2915b7498, L_0x5ed30019c640, C4<>;
S_0x5ed30010c530 .scope generate, "u[3]" "u[3]" 10 41, 10 41 0, S_0x5ed300122840;
 .timescale 0 0;
P_0x5ed300112c90 .param/l "i" 1 10 41, +C4<011>;
S_0x5ed300109ae0 .scope generate, "slice_comb_gen" "slice_comb_gen" 10 43, 10 43 0, S_0x5ed30010c530;
 .timescale 0 0;
v0x5ed3000cecb0_0 .net *"_ivl_4", 0 0, L_0x5ed30019d950;  1 drivers
S_0x5ed3001080d0 .scope module, "inst" "isqrt_slice_comb" 10 45, 11 1 0, S_0x5ed300109ae0;
 .timescale 0 0;
    .port_info 0 /INPUT 32 "ix";
    .port_info 1 /INPUT 32 "iy";
    .port_info 2 /OUTPUT 32 "ox";
    .port_info 3 /OUTPUT 32 "oy";
P_0x5ed30011bf00 .param/l "m" 0 11 3, C4<00000001000000000000000000000000>;
L_0x7ca2915b7528 .functor BUFT 1, C4<00000001000000000000000000000000>, C4<0>, C4<0>, C4<0>;
L_0x5ed30019d060 .functor OR 32, L_0x5ed3001a6260, L_0x7ca2915b7528, C4<00000000000000000000000000000000>, C4<00000000000000000000000000000000>;
L_0x5ed30019d350 .functor OR 32, L_0x5ed30019d5a0, L_0x5ed30019d6e0, C4<00000000000000000000000000000000>, C4<00000000000000000000000000000000>;
v0x5ed3000fc890_0 .net/2u *"_ivl_0", 31 0, L_0x7ca2915b7528;  1 drivers
v0x5ed3000fc5a0_0 .net *"_ivl_10", 31 0, L_0x5ed30019d5a0;  1 drivers
v0x5ed3000f80f0_0 .net *"_ivl_12", 30 0, L_0x5ed30019d500;  1 drivers
L_0x7ca2915b7570 .functor BUFT 1, C4<0>, C4<0>, C4<0>, C4<0>;
v0x5ed3000f6dd0_0 .net *"_ivl_14", 0 0, L_0x7ca2915b7570;  1 drivers
L_0x7ca2915b75b8 .functor BUFT 1, C4<00000001000000000000000000000000>, C4<0>, C4<0>, C4<0>;
v0x5ed3000f3c00_0 .net/2u *"_ivl_16", 31 0, L_0x7ca2915b75b8;  1 drivers
L_0x7ca2915b7600 .functor BUFT 1, C4<00000000000000000000000000000000>, C4<0>, C4<0>, C4<0>;
v0x5ed3000f2c00_0 .net/2u *"_ivl_18", 31 0, L_0x7ca2915b7600;  1 drivers
v0x5ed3000f2970_0 .net *"_ivl_20", 31 0, L_0x5ed30019d6e0;  1 drivers
v0x5ed3000ef7a0_0 .net *"_ivl_6", 31 0, L_0x5ed30019d2b0;  1 drivers
v0x5ed3000ee7a0_0 .net "b", 31 0, L_0x5ed30019d060;  1 drivers
v0x5ed3000ee510_0 .net "ix", 31 0, L_0x5ed3001a61f0;  alias, 1 drivers
v0x5ed3000eb340_0 .net "iy", 31 0, L_0x5ed3001a6260;  alias, 1 drivers
v0x5ed3000ea2e0_0 .net "ox", 31 0, L_0x5ed30019d3c0;  alias, 1 drivers
v0x5ed3000ea050_0 .net "oy", 31 0, L_0x5ed30019d350;  alias, 1 drivers
v0x5ed3000e6fc0_0 .net "x_ge_b", 0 0, L_0x5ed30019d170;  1 drivers
L_0x5ed30019d170 .cmp/ge 32, L_0x5ed3001a61f0, L_0x5ed30019d060;
L_0x5ed30019d2b0 .arith/sub 32, L_0x5ed3001a61f0, L_0x5ed30019d060;
L_0x5ed30019d3c0 .functor MUXZ 32, L_0x5ed3001a61f0, L_0x5ed30019d2b0, L_0x5ed30019d170, C4<>;
L_0x5ed30019d500 .part L_0x5ed3001a6260, 1, 31;
L_0x5ed30019d5a0 .concat [ 31 1 0 0], L_0x5ed30019d500, L_0x7ca2915b7570;
L_0x5ed30019d6e0 .functor MUXZ 32, L_0x7ca2915b7600, L_0x7ca2915b75b8, L_0x5ed30019d170, C4<>;
S_0x5ed300105680 .scope generate, "u[4]" "u[4]" 10 41, 10 41 0, S_0x5ed300122840;
 .timescale 0 0;
P_0x5ed300113640 .param/l "i" 1 10 41, +C4<0100>;
S_0x5ed300103c70 .scope generate, "slice_reg_gen" "slice_reg_gen" 10 43, 10 43 0, S_0x5ed300105680;
 .timescale 0 0;
S_0x5ed300101220 .scope module, "inst" "isqrt_slice_reg" 10 57, 12 1 0, S_0x5ed300103c70;
 .timescale 0 0;
    .port_info 0 /INPUT 1 "clk";
    .port_info 1 /INPUT 1 "rst";
    .port_info 2 /INPUT 1 "ivld";
    .port_info 3 /INPUT 32 "ix";
    .port_info 4 /INPUT 32 "iy";
    .port_info 5 /OUTPUT 1 "ovld";
    .port_info 6 /OUTPUT 32 "ox";
    .port_info 7 /OUTPUT 32 "oy";
P_0x5ed30010a050 .param/l "m" 0 12 3, C4<00000000010000000000000000000000>;
v0x5ed3000bcc80_0 .net "clk", 0 0, v0x5ed300189950_0;  alias, 1 drivers
v0x5ed3000b9ab0_0 .net "cox", 31 0, L_0x5ed30019dd80;  1 drivers
v0x5ed3000b90f0_0 .net "coy", 31 0, L_0x5ed30019dc80;  1 drivers
v0x5ed3000b8e00_0 .net "ivld", 0 0, L_0x5ed30019e350;  1 drivers
v0x5ed3000b8ea0_0 .net "ix", 31 0, L_0x5ed3001a6360;  alias, 1 drivers
v0x5ed3000b49b0_0 .net "iy", 31 0, L_0x5ed3001a63d0;  alias, 1 drivers
v0x5ed3000b3690_0 .var "ovld", 0 0;
v0x5ed3000b3730_0 .var "ox", 31 0;
v0x5ed3000b04c0_0 .var "oy", 31 0;
v0x5ed3000af4c0_0 .net "rst", 0 0, v0x5ed300189fa0_0;  alias, 1 drivers
S_0x5ed3000ff810 .scope module, "inst" "isqrt_slice_comb" 12 20, 11 1 0, S_0x5ed300101220;
 .timescale 0 0;
    .port_info 0 /INPUT 32 "ix";
    .port_info 1 /INPUT 32 "iy";
    .port_info 2 /OUTPUT 32 "ox";
    .port_info 3 /OUTPUT 32 "oy";
P_0x5ed300105bf0 .param/l "m" 0 11 3, C4<00000000010000000000000000000000>;
L_0x7ca2915b7648 .functor BUFT 1, C4<00000000010000000000000000000000>, C4<0>, C4<0>, C4<0>;
L_0x5ed30019da80 .functor OR 32, L_0x5ed3001a63d0, L_0x7ca2915b7648, C4<00000000000000000000000000000000>, C4<00000000000000000000000000000000>;
L_0x5ed30019dc80 .functor OR 32, L_0x5ed30019dff0, L_0x5ed30019e0e0, C4<00000000000000000000000000000000>, C4<00000000000000000000000000000000>;
v0x5ed3000d2f90_0 .net/2u *"_ivl_0", 31 0, L_0x7ca2915b7648;  1 drivers
v0x5ed3000cfdc0_0 .net *"_ivl_10", 31 0, L_0x5ed30019dff0;  1 drivers
v0x5ed3000cf400_0 .net *"_ivl_12", 30 0, L_0x5ed30019dec0;  1 drivers
L_0x7ca2915b7690 .functor BUFT 1, C4<0>, C4<0>, C4<0>, C4<0>;
v0x5ed3000cf110_0 .net *"_ivl_14", 0 0, L_0x7ca2915b7690;  1 drivers
L_0x7ca2915b76d8 .functor BUFT 1, C4<00000000010000000000000000000000>, C4<0>, C4<0>, C4<0>;
v0x5ed3000cacc0_0 .net/2u *"_ivl_16", 31 0, L_0x7ca2915b76d8;  1 drivers
L_0x7ca2915b7720 .functor BUFT 1, C4<00000000000000000000000000000000>, C4<0>, C4<0>, C4<0>;
v0x5ed3000c99a0_0 .net/2u *"_ivl_18", 31 0, L_0x7ca2915b7720;  1 drivers
v0x5ed3000c67d0_0 .net *"_ivl_20", 31 0, L_0x5ed30019e0e0;  1 drivers
v0x5ed3000c57d0_0 .net *"_ivl_6", 31 0, L_0x5ed30019dbe0;  1 drivers
v0x5ed3000c5540_0 .net "b", 31 0, L_0x5ed30019da80;  1 drivers
v0x5ed3000c2370_0 .net "ix", 31 0, L_0x5ed3001a6360;  alias, 1 drivers
v0x5ed3000c1370_0 .net "iy", 31 0, L_0x5ed3001a63d0;  alias, 1 drivers
v0x5ed3000c10e0_0 .net "ox", 31 0, L_0x5ed30019dd80;  alias, 1 drivers
v0x5ed3000bdf10_0 .net "oy", 31 0, L_0x5ed30019dc80;  alias, 1 drivers
v0x5ed3000bcf10_0 .net "x_ge_b", 0 0, L_0x5ed30019daf0;  1 drivers
L_0x5ed30019daf0 .cmp/ge 32, L_0x5ed3001a6360, L_0x5ed30019da80;
L_0x5ed30019dbe0 .arith/sub 32, L_0x5ed3001a6360, L_0x5ed30019da80;
L_0x5ed30019dd80 .functor MUXZ 32, L_0x5ed3001a6360, L_0x5ed30019dbe0, L_0x5ed30019daf0, C4<>;
L_0x5ed30019dec0 .part L_0x5ed3001a63d0, 1, 31;
L_0x5ed30019dff0 .concat [ 31 1 0 0], L_0x5ed30019dec0, L_0x7ca2915b7690;
L_0x5ed30019e0e0 .functor MUXZ 32, L_0x7ca2915b7720, L_0x7ca2915b76d8, L_0x5ed30019daf0, C4<>;
S_0x5ed3000fcdc0 .scope generate, "u[5]" "u[5]" 10 41, 10 41 0, S_0x5ed300122840;
 .timescale 0 0;
P_0x5ed3000f2ce0 .param/l "i" 1 10 41, +C4<0101>;
S_0x5ed3000fa6b0 .scope generate, "slice_comb_gen" "slice_comb_gen" 10 43, 10 43 0, S_0x5ed3000fcdc0;
 .timescale 0 0;
v0x5ed300095cf0_0 .net *"_ivl_4", 0 0, L_0x5ed30019ed70;  1 drivers
S_0x5ed3000f7c60 .scope module, "inst" "isqrt_slice_comb" 10 45, 11 1 0, S_0x5ed3000fa6b0;
 .timescale 0 0;
    .port_info 0 /INPUT 32 "ix";
    .port_info 1 /INPUT 32 "iy";
    .port_info 2 /OUTPUT 32 "ox";
    .port_info 3 /OUTPUT 32 "oy";
P_0x5ed3000eb420 .param/l "m" 0 11 3, C4<00000000000100000000000000000000>;
L_0x7ca2915b7768 .functor BUFT 1, C4<00000000000100000000000000000000>, C4<0>, C4<0>, C4<0>;
L_0x5ed30019e3f0 .functor OR 32, L_0x5ed3001a6610, L_0x7ca2915b7768, C4<00000000000000000000000000000000>, C4<00000000000000000000000000000000>;
L_0x5ed30019e6e0 .functor OR 32, L_0x5ed30019e9c0, L_0x5ed30019eb00, C4<00000000000000000000000000000000>, C4<00000000000000000000000000000000>;
v0x5ed3000ac060_0 .net/2u *"_ivl_0", 31 0, L_0x7ca2915b7768;  1 drivers
v0x5ed3000ab060_0 .net *"_ivl_10", 31 0, L_0x5ed30019e9c0;  1 drivers
v0x5ed3000aadd0_0 .net *"_ivl_12", 30 0, L_0x5ed30019e920;  1 drivers
L_0x7ca2915b77b0 .functor BUFT 1, C4<0>, C4<0>, C4<0>, C4<0>;
v0x5ed3000a7c00_0 .net *"_ivl_14", 0 0, L_0x7ca2915b77b0;  1 drivers
L_0x7ca2915b77f8 .functor BUFT 1, C4<00000000000100000000000000000000>, C4<0>, C4<0>, C4<0>;
v0x5ed3000a6c00_0 .net/2u *"_ivl_16", 31 0, L_0x7ca2915b77f8;  1 drivers
L_0x7ca2915b7840 .functor BUFT 1, C4<00000000000000000000000000000000>, C4<0>, C4<0>, C4<0>;
v0x5ed3000a6970_0 .net/2u *"_ivl_18", 31 0, L_0x7ca2915b7840;  1 drivers
v0x5ed3000a37a0_0 .net *"_ivl_20", 31 0, L_0x5ed30019eb00;  1 drivers
v0x5ed3000a2de0_0 .net *"_ivl_6", 31 0, L_0x5ed30019e640;  1 drivers
v0x5ed3000a2af0_0 .net "b", 31 0, L_0x5ed30019e3f0;  1 drivers
v0x5ed30009e640_0 .net "ix", 31 0, L_0x5ed3001a65a0;  alias, 1 drivers
v0x5ed30009d320_0 .net "iy", 31 0, L_0x5ed3001a6610;  alias, 1 drivers
v0x5ed30009a150_0 .net "ox", 31 0, L_0x5ed30019e750;  alias, 1 drivers
v0x5ed300099150_0 .net "oy", 31 0, L_0x5ed30019e6e0;  alias, 1 drivers
v0x5ed300098ec0_0 .net "x_ge_b", 0 0, L_0x5ed30019e500;  1 drivers
L_0x5ed30019e500 .cmp/ge 32, L_0x5ed3001a65a0, L_0x5ed30019e3f0;
L_0x5ed30019e640 .arith/sub 32, L_0x5ed3001a65a0, L_0x5ed30019e3f0;
L_0x5ed30019e750 .functor MUXZ 32, L_0x5ed3001a65a0, L_0x5ed30019e640, L_0x5ed30019e500, C4<>;
L_0x5ed30019e920 .part L_0x5ed3001a6610, 1, 31;
L_0x5ed30019e9c0 .concat [ 31 1 0 0], L_0x5ed30019e920, L_0x7ca2915b77b0;
L_0x5ed30019eb00 .functor MUXZ 32, L_0x7ca2915b7840, L_0x7ca2915b77f8, L_0x5ed30019e500, C4<>;
S_0x5ed3000f61c0 .scope generate, "u[6]" "u[6]" 10 41, 10 41 0, S_0x5ed300122840;
 .timescale 0 0;
P_0x5ed3000ea130 .param/l "i" 1 10 41, +C4<0110>;
S_0x5ed3000f3770 .scope generate, "slice_comb_gen" "slice_comb_gen" 10 43, 10 43 0, S_0x5ed3000f61c0;
 .timescale 0 0;
v0x5ed30006cdb0_0 .net *"_ivl_4", 0 0, L_0x5ed30019f7d0;  1 drivers
S_0x5ed3000f1d60 .scope module, "inst" "isqrt_slice_comb" 10 45, 11 1 0, S_0x5ed3000f3770;
 .timescale 0 0;
    .port_info 0 /INPUT 32 "ix";
    .port_info 1 /INPUT 32 "iy";
    .port_info 2 /OUTPUT 32 "ox";
    .port_info 3 /OUTPUT 32 "oy";
P_0x5ed3000cada0 .param/l "m" 0 11 3, C4<00000000000001000000000000000000>;
L_0x7ca2915b7888 .functor BUFT 1, C4<00000000000001000000000000000000>, C4<0>, C4<0>, C4<0>;
L_0x5ed30019ee50 .functor OR 32, L_0x5ed3001a6820, L_0x7ca2915b7888, C4<00000000000000000000000000000000>, C4<00000000000000000000000000000000>;
L_0x5ed30019f140 .functor OR 32, L_0x5ed30019f420, L_0x5ed30019f560, C4<00000000000000000000000000000000>, C4<00000000000000000000000000000000>;
v0x5ed300094a60_0 .net/2u *"_ivl_0", 31 0, L_0x7ca2915b7888;  1 drivers
v0x5ed300091890_0 .net *"_ivl_10", 31 0, L_0x5ed30019f420;  1 drivers
v0x5ed300090830_0 .net *"_ivl_12", 30 0, L_0x5ed30019f380;  1 drivers
L_0x7ca2915b78d0 .functor BUFT 1, C4<0>, C4<0>, C4<0>, C4<0>;
v0x5ed3000905a0_0 .net *"_ivl_14", 0 0, L_0x7ca2915b78d0;  1 drivers
L_0x7ca2915b7918 .functor BUFT 1, C4<00000000000001000000000000000000>, C4<0>, C4<0>, C4<0>;
v0x5ed30008d510_0 .net/2u *"_ivl_16", 31 0, L_0x7ca2915b7918;  1 drivers
L_0x7ca2915b7960 .functor BUFT 1, C4<00000000000000000000000000000000>, C4<0>, C4<0>, C4<0>;
v0x5ed300075290_0 .net/2u *"_ivl_18", 31 0, L_0x7ca2915b7960;  1 drivers
v0x5ed30005ef80_0 .net *"_ivl_20", 31 0, L_0x5ed30019f560;  1 drivers
v0x5ed300048c70_0 .net *"_ivl_6", 31 0, L_0x5ed30019f0a0;  1 drivers
v0x5ed300079570_0 .net "b", 31 0, L_0x5ed30019ee50;  1 drivers
v0x5ed3000763a0_0 .net "ix", 31 0, L_0x5ed3001a67b0;  alias, 1 drivers
v0x5ed3000759e0_0 .net "iy", 31 0, L_0x5ed3001a6820;  alias, 1 drivers
v0x5ed3000756f0_0 .net "ox", 31 0, L_0x5ed30019f1b0;  alias, 1 drivers
v0x5ed3000712a0_0 .net "oy", 31 0, L_0x5ed30019f140;  alias, 1 drivers
v0x5ed30006ff80_0 .net "x_ge_b", 0 0, L_0x5ed30019ef60;  1 drivers
L_0x5ed30019ef60 .cmp/ge 32, L_0x5ed3001a67b0, L_0x5ed30019ee50;
L_0x5ed30019f0a0 .arith/sub 32, L_0x5ed3001a67b0, L_0x5ed30019ee50;
L_0x5ed30019f1b0 .functor MUXZ 32, L_0x5ed3001a67b0, L_0x5ed30019f0a0, L_0x5ed30019ef60, C4<>;
L_0x5ed30019f380 .part L_0x5ed3001a6820, 1, 31;
L_0x5ed30019f420 .concat [ 31 1 0 0], L_0x5ed30019f380, L_0x7ca2915b78d0;
L_0x5ed30019f560 .functor MUXZ 32, L_0x7ca2915b7960, L_0x7ca2915b7918, L_0x5ed30019ef60, C4<>;
S_0x5ed3000ef310 .scope generate, "u[7]" "u[7]" 10 41, 10 41 0, S_0x5ed300122840;
 .timescale 0 0;
P_0x5ed3000c68b0 .param/l "i" 1 10 41, +C4<0111>;
S_0x5ed3000ed900 .scope generate, "slice_comb_gen" "slice_comb_gen" 10 43, 10 43 0, S_0x5ed3000ef310;
 .timescale 0 0;
v0x5ed300055810_0 .net *"_ivl_4", 0 0, L_0x5ed3001a01f0;  1 drivers
S_0x5ed3000eaeb0 .scope module, "inst" "isqrt_slice_comb" 10 45, 11 1 0, S_0x5ed3000ed900;
 .timescale 0 0;
    .port_info 0 /INPUT 32 "ix";
    .port_info 1 /INPUT 32 "iy";
    .port_info 2 /OUTPUT 32 "ox";
    .port_info 3 /OUTPUT 32 "oy";
P_0x5ed3000c11c0 .param/l "m" 0 11 3, C4<00000000000000010000000000000000>;
L_0x7ca2915b79a8 .functor BUFT 1, C4<00000000000000010000000000000000>, C4<0>, C4<0>, C4<0>;
L_0x5ed30019f870 .functor OR 32, L_0x5ed3001a6b00, L_0x7ca2915b79a8, C4<00000000000000000000000000000000>, C4<00000000000000000000000000000000>;
L_0x5ed30019fb60 .functor OR 32, L_0x5ed30019fe40, L_0x5ed30019ff80, C4<00000000000000000000000000000000>, C4<00000000000000000000000000000000>;
v0x5ed30006bb20_0 .net/2u *"_ivl_0", 31 0, L_0x7ca2915b79a8;  1 drivers
v0x5ed300068950_0 .net *"_ivl_10", 31 0, L_0x5ed30019fe40;  1 drivers
v0x5ed300067950_0 .net *"_ivl_12", 30 0, L_0x5ed30019fda0;  1 drivers
L_0x7ca2915b79f0 .functor BUFT 1, C4<0>, C4<0>, C4<0>, C4<0>;
v0x5ed3000676c0_0 .net *"_ivl_14", 0 0, L_0x7ca2915b79f0;  1 drivers
L_0x7ca2915b7a38 .functor BUFT 1, C4<00000000000000010000000000000000>, C4<0>, C4<0>, C4<0>;
v0x5ed3000644f0_0 .net/2u *"_ivl_16", 31 0, L_0x7ca2915b7a38;  1 drivers
L_0x7ca2915b7a80 .functor BUFT 1, C4<00000000000000000000000000000000>, C4<0>, C4<0>, C4<0>;
v0x5ed3000634f0_0 .net/2u *"_ivl_18", 31 0, L_0x7ca2915b7a80;  1 drivers
v0x5ed300063260_0 .net *"_ivl_20", 31 0, L_0x5ed30019ff80;  1 drivers
v0x5ed300060090_0 .net *"_ivl_6", 31 0, L_0x5ed30019fac0;  1 drivers
v0x5ed30005f6d0_0 .net "b", 31 0, L_0x5ed30019f870;  1 drivers
v0x5ed30005f3e0_0 .net "ix", 31 0, L_0x5ed3001a6a90;  alias, 1 drivers
v0x5ed30005af90_0 .net "iy", 31 0, L_0x5ed3001a6b00;  alias, 1 drivers
v0x5ed300059c70_0 .net "ox", 31 0, L_0x5ed30019fbd0;  alias, 1 drivers
v0x5ed300056aa0_0 .net "oy", 31 0, L_0x5ed30019fb60;  alias, 1 drivers
v0x5ed300055aa0_0 .net "x_ge_b", 0 0, L_0x5ed30019f980;  1 drivers
L_0x5ed30019f980 .cmp/ge 32, L_0x5ed3001a6a90, L_0x5ed30019f870;
L_0x5ed30019fac0 .arith/sub 32, L_0x5ed3001a6a90, L_0x5ed30019f870;
L_0x5ed30019fbd0 .functor MUXZ 32, L_0x5ed3001a6a90, L_0x5ed30019fac0, L_0x5ed30019f980, C4<>;
L_0x5ed30019fda0 .part L_0x5ed3001a6b00, 1, 31;
L_0x5ed30019fe40 .concat [ 31 1 0 0], L_0x5ed30019fda0, L_0x7ca2915b79f0;
L_0x5ed30019ff80 .functor MUXZ 32, L_0x7ca2915b7a80, L_0x7ca2915b7a38, L_0x5ed30019f980, C4<>;
S_0x5ed3000e9440 .scope generate, "u[8]" "u[8]" 10 41, 10 41 0, S_0x5ed300122840;
 .timescale 0 0;
P_0x5ed3000526d0 .param/l "i" 1 10 41, +C4<01000>;
S_0x5ed3000e6c70 .scope generate, "slice_comb_gen" "slice_comb_gen" 10 43, 10 43 0, S_0x5ed3000e9440;
 .timescale 0 0;
v0x5ed30003b040_0 .net *"_ivl_4", 0 0, L_0x5ed3001a0bd0;  1 drivers
S_0x5ed3000d2380 .scope module, "inst" "isqrt_slice_comb" 10 45, 11 1 0, S_0x5ed3000e6c70;
 .timescale 0 0;
    .port_info 0 /INPUT 32 "ix";
    .port_info 1 /INPUT 32 "iy";
    .port_info 2 /OUTPUT 32 "ox";
    .port_info 3 /OUTPUT 32 "oy";
P_0x5ed3000a6a50 .param/l "m" 0 11 3, C4<00000000000000000100000000000000>;
L_0x7ca2915b7ac8 .functor BUFT 1, C4<00000000000000000100000000000000>, C4<0>, C4<0>, C4<0>;
L_0x5ed3001a02e0 .functor OR 32, L_0x5ed3001a6c80, L_0x7ca2915b7ac8, C4<00000000000000000000000000000000>, C4<00000000000000000000000000000000>;
L_0x5ed3001a05d0 .functor OR 32, L_0x5ed3001a0820, L_0x5ed3001a0960, C4<00000000000000000000000000000000>, C4<00000000000000000000000000000000>;
v0x5ed3000513b0_0 .net/2u *"_ivl_0", 31 0, L_0x7ca2915b7ac8;  1 drivers
v0x5ed30004e1e0_0 .net *"_ivl_10", 31 0, L_0x5ed3001a0820;  1 drivers
v0x5ed30004d1e0_0 .net *"_ivl_12", 30 0, L_0x5ed3001a0780;  1 drivers
L_0x7ca2915b7b10 .functor BUFT 1, C4<0>, C4<0>, C4<0>, C4<0>;
v0x5ed30004cf50_0 .net *"_ivl_14", 0 0, L_0x7ca2915b7b10;  1 drivers
L_0x7ca2915b7b58 .functor BUFT 1, C4<00000000000000000100000000000000>, C4<0>, C4<0>, C4<0>;
v0x5ed300049d80_0 .net/2u *"_ivl_16", 31 0, L_0x7ca2915b7b58;  1 drivers
L_0x7ca2915b7ba0 .functor BUFT 1, C4<00000000000000000000000000000000>, C4<0>, C4<0>, C4<0>;
v0x5ed3000493c0_0 .net/2u *"_ivl_18", 31 0, L_0x7ca2915b7ba0;  1 drivers
v0x5ed3000490d0_0 .net *"_ivl_20", 31 0, L_0x5ed3001a0960;  1 drivers
v0x5ed300044c20_0 .net *"_ivl_6", 31 0, L_0x5ed3001a0530;  1 drivers
v0x5ed300043900_0 .net "b", 31 0, L_0x5ed3001a02e0;  1 drivers
v0x5ed300040730_0 .net "ix", 31 0, L_0x5ed3001a6c10;  alias, 1 drivers
v0x5ed30003f730_0 .net "iy", 31 0, L_0x5ed3001a6c80;  alias, 1 drivers
v0x5ed30003f4a0_0 .net "ox", 31 0, L_0x5ed3001a0640;  alias, 1 drivers
v0x5ed30003c2d0_0 .net "oy", 31 0, L_0x5ed3001a05d0;  alias, 1 drivers
v0x5ed30003b2d0_0 .net "x_ge_b", 0 0, L_0x5ed3001a03f0;  1 drivers
L_0x5ed3001a03f0 .cmp/ge 32, L_0x5ed3001a6c10, L_0x5ed3001a02e0;
L_0x5ed3001a0530 .arith/sub 32, L_0x5ed3001a6c10, L_0x5ed3001a02e0;
L_0x5ed3001a0640 .functor MUXZ 32, L_0x5ed3001a6c10, L_0x5ed3001a0530, L_0x5ed3001a03f0, C4<>;
L_0x5ed3001a0780 .part L_0x5ed3001a6c80, 1, 31;
L_0x5ed3001a0820 .concat [ 31 1 0 0], L_0x5ed3001a0780, L_0x7ca2915b7b10;
L_0x5ed3001a0960 .functor MUXZ 32, L_0x7ca2915b7ba0, L_0x7ca2915b7b58, L_0x5ed3001a03f0, C4<>;
S_0x5ed3000cf930 .scope generate, "u[9]" "u[9]" 10 41, 10 41 0, S_0x5ed300122840;
 .timescale 0 0;
P_0x5ed3000a2ec0 .param/l "i" 1 10 41, +C4<01001>;
S_0x5ed3000cd280 .scope generate, "slice_reg_gen" "slice_reg_gen" 10 43, 10 43 0, S_0x5ed3000cf930;
 .timescale 0 0;
S_0x5ed3000ca830 .scope module, "inst" "isqrt_slice_reg" 10 57, 12 1 0, S_0x5ed3000cd280;
 .timescale 0 0;
    .port_info 0 /INPUT 1 "clk";
    .port_info 1 /INPUT 1 "rst";
    .port_info 2 /INPUT 1 "ivld";
    .port_info 3 /INPUT 32 "ix";
    .port_info 4 /INPUT 32 "iy";
    .port_info 5 /OUTPUT 1 "ovld";
    .port_info 6 /OUTPUT 32 "ox";
    .port_info 7 /OUTPUT 32 "oy";
P_0x5ed300099230 .param/l "m" 0 12 3, C4<00000000000000000001000000000000>;
v0x5ed3000fb990_0 .net "clk", 0 0, v0x5ed300189950_0;  alias, 1 drivers
v0x5ed3000fba50_0 .net "cox", 31 0, L_0x5ed3001a0fc0;  1 drivers
v0x5ed3000f8b40_0 .net "coy", 31 0, L_0x5ed3001a0ec0;  1 drivers
v0x5ed3000f4650_0 .net "ivld", 0 0, L_0x5ed3001a15e0;  1 drivers
v0x5ed3000f46f0_0 .net "ix", 31 0, L_0x5ed3001a6f00;  alias, 1 drivers
v0x5ed3000f01f0_0 .net "iy", 31 0, L_0x5ed3001a6f70;  alias, 1 drivers
v0x5ed3000ebd90_0 .var "ovld", 0 0;
v0x5ed3000ebe30_0 .var "ox", 31 0;
v0x5ed3000e7970_0 .var "oy", 31 0;
v0x5ed3000e7a30_0 .net "rst", 0 0, v0x5ed300189fa0_0;  alias, 1 drivers
S_0x5ed3000c8d90 .scope module, "inst" "isqrt_slice_comb" 12 20, 11 1 0, S_0x5ed3000ca830;
 .timescale 0 0;
    .port_info 0 /INPUT 32 "ix";
    .port_info 1 /INPUT 32 "iy";
    .port_info 2 /OUTPUT 32 "ox";
    .port_info 3 /OUTPUT 32 "oy";
P_0x5ed300090680 .param/l "m" 0 11 3, C4<00000000000000000001000000000000>;
L_0x7ca2915b7be8 .functor BUFT 1, C4<00000000000000000001000000000000>, C4<0>, C4<0>, C4<0>;
L_0x5ed3001a0c70 .functor OR 32, L_0x5ed3001a6f70, L_0x7ca2915b7be8, C4<00000000000000000000000000000000>, C4<00000000000000000000000000000000>;
L_0x5ed3001a0ec0 .functor OR 32, L_0x5ed3001a1280, L_0x5ed3001a1370, C4<00000000000000000000000000000000>, C4<00000000000000000000000000000000>;
v0x5ed300036c90_0 .net/2u *"_ivl_0", 31 0, L_0x7ca2915b7be8;  1 drivers
v0x5ed300033bd0_0 .net *"_ivl_10", 31 0, L_0x5ed3001a1280;  1 drivers
v0x5ed300127fb0_0 .net *"_ivl_12", 30 0, L_0x5ed3001a1150;  1 drivers
L_0x7ca2915b7c30 .functor BUFT 1, C4<0>, C4<0>, C4<0>, C4<0>;
v0x5ed3001251c0_0 .net *"_ivl_14", 0 0, L_0x7ca2915b7c30;  1 drivers
L_0x7ca2915b7c78 .functor BUFT 1, C4<00000000000000000001000000000000>, C4<0>, C4<0>, C4<0>;
v0x5ed300120cd0_0 .net/2u *"_ivl_16", 31 0, L_0x7ca2915b7c78;  1 drivers
L_0x7ca2915b7cc0 .functor BUFT 1, C4<00000000000000000000000000000000>, C4<0>, C4<0>, C4<0>;
v0x5ed30011c870_0 .net/2u *"_ivl_18", 31 0, L_0x7ca2915b7cc0;  1 drivers
v0x5ed300118410_0 .net *"_ivl_20", 31 0, L_0x5ed3001a1370;  1 drivers
v0x5ed300113fb0_0 .net *"_ivl_6", 31 0, L_0x5ed3001a0e20;  1 drivers
v0x5ed300111ca0_0 .net "b", 31 0, L_0x5ed3001a0c70;  1 drivers
v0x5ed30010eeb0_0 .net "ix", 31 0, L_0x5ed3001a6f00;  alias, 1 drivers
v0x5ed30010a9c0_0 .net "iy", 31 0, L_0x5ed3001a6f70;  alias, 1 drivers
v0x5ed300106560_0 .net "ox", 31 0, L_0x5ed3001a0fc0;  alias, 1 drivers
v0x5ed300102100_0 .net "oy", 31 0, L_0x5ed3001a0ec0;  alias, 1 drivers
v0x5ed3000fdca0_0 .net "x_ge_b", 0 0, L_0x5ed3001a0d30;  1 drivers
L_0x5ed3001a0d30 .cmp/ge 32, L_0x5ed3001a6f00, L_0x5ed3001a0c70;
L_0x5ed3001a0e20 .arith/sub 32, L_0x5ed3001a6f00, L_0x5ed3001a0c70;
L_0x5ed3001a0fc0 .functor MUXZ 32, L_0x5ed3001a6f00, L_0x5ed3001a0e20, L_0x5ed3001a0d30, C4<>;
L_0x5ed3001a1150 .part L_0x5ed3001a6f70, 1, 31;
L_0x5ed3001a1280 .concat [ 31 1 0 0], L_0x5ed3001a1150, L_0x7ca2915b7c30;
L_0x5ed3001a1370 .functor MUXZ 32, L_0x7ca2915b7cc0, L_0x7ca2915b7c78, L_0x5ed3001a0d30, C4<>;
S_0x5ed3000c6340 .scope generate, "u[10]" "u[10]" 10 41, 10 41 0, S_0x5ed300122840;
 .timescale 0 0;
P_0x5ed300076480 .param/l "i" 1 10 41, +C4<01010>;
S_0x5ed3000c4930 .scope generate, "slice_comb_gen" "slice_comb_gen" 10 43, 10 43 0, S_0x5ed3000c6340;
 .timescale 0 0;
v0x5ed30009aba0_0 .net *"_ivl_4", 0 0, L_0x5ed3001a2010;  1 drivers
S_0x5ed3000c1ee0 .scope module, "inst" "isqrt_slice_comb" 10 45, 11 1 0, S_0x5ed3000c4930;
 .timescale 0 0;
    .port_info 0 /INPUT 32 "ix";
    .port_info 1 /INPUT 32 "iy";
    .port_info 2 /OUTPUT 32 "ox";
    .port_info 3 /OUTPUT 32 "oy";
P_0x5ed300068a30 .param/l "m" 0 11 3, C4<00000000000000000000010000000000>;
L_0x7ca2915b7d08 .functor BUFT 1, C4<00000000000000000000010000000000>, C4<0>, C4<0>, C4<0>;
L_0x5ed3001a16e0 .functor OR 32, L_0x5ed3001a70f0, L_0x7ca2915b7d08, C4<00000000000000000000000000000000>, C4<00000000000000000000000000000000>;
L_0x5ed3001a1980 .functor OR 32, L_0x5ed3001a1c60, L_0x5ed3001a1da0, C4<00000000000000000000000000000000>, C4<00000000000000000000000000000000>;
v0x5ed3000ce500_0 .net/2u *"_ivl_0", 31 0, L_0x7ca2915b7d08;  1 drivers
v0x5ed3000cb710_0 .net *"_ivl_10", 31 0, L_0x5ed3001a1c60;  1 drivers
v0x5ed3000c7220_0 .net *"_ivl_12", 30 0, L_0x5ed3001a1bc0;  1 drivers
L_0x7ca2915b7d50 .functor BUFT 1, C4<0>, C4<0>, C4<0>, C4<0>;
v0x5ed3000c2dc0_0 .net *"_ivl_14", 0 0, L_0x7ca2915b7d50;  1 drivers
L_0x7ca2915b7d98 .functor BUFT 1, C4<00000000000000000000010000000000>, C4<0>, C4<0>, C4<0>;
v0x5ed3000be960_0 .net/2u *"_ivl_16", 31 0, L_0x7ca2915b7d98;  1 drivers
L_0x7ca2915b7de0 .functor BUFT 1, C4<00000000000000000000000000000000>, C4<0>, C4<0>, C4<0>;
v0x5ed3000ba500_0 .net/2u *"_ivl_18", 31 0, L_0x7ca2915b7de0;  1 drivers
v0x5ed3000b81f0_0 .net *"_ivl_20", 31 0, L_0x5ed3001a1da0;  1 drivers
v0x5ed3000b5400_0 .net *"_ivl_6", 31 0, L_0x5ed3001a18e0;  1 drivers
v0x5ed3000b0f10_0 .net "b", 31 0, L_0x5ed3001a16e0;  1 drivers
v0x5ed3000acab0_0 .net "ix", 31 0, L_0x5ed3001a7080;  alias, 1 drivers
v0x5ed3000a8650_0 .net "iy", 31 0, L_0x5ed3001a70f0;  alias, 1 drivers
v0x5ed3000a41f0_0 .net "ox", 31 0, L_0x5ed3001a19f0;  alias, 1 drivers
v0x5ed3000a1ee0_0 .net "oy", 31 0, L_0x5ed3001a1980;  alias, 1 drivers
v0x5ed30009f090_0 .net "x_ge_b", 0 0, L_0x5ed3001a17a0;  1 drivers
L_0x5ed3001a17a0 .cmp/ge 32, L_0x5ed3001a7080, L_0x5ed3001a16e0;
L_0x5ed3001a18e0 .arith/sub 32, L_0x5ed3001a7080, L_0x5ed3001a16e0;
L_0x5ed3001a19f0 .functor MUXZ 32, L_0x5ed3001a7080, L_0x5ed3001a18e0, L_0x5ed3001a17a0, C4<>;
L_0x5ed3001a1bc0 .part L_0x5ed3001a70f0, 1, 31;
L_0x5ed3001a1c60 .concat [ 31 1 0 0], L_0x5ed3001a1bc0, L_0x7ca2915b7d50;
L_0x5ed3001a1da0 .functor MUXZ 32, L_0x7ca2915b7de0, L_0x7ca2915b7d98, L_0x5ed3001a17a0, C4<>;
S_0x5ed3000c04d0 .scope generate, "u[11]" "u[11]" 10 41, 10 41 0, S_0x5ed300122840;
 .timescale 0 0;
P_0x5ed3000645d0 .param/l "i" 1 10 41, +C4<01011>;
S_0x5ed3000bda80 .scope generate, "slice_comb_gen" "slice_comb_gen" 10 43, 10 43 0, S_0x5ed3000c04d0;
 .timescale 0 0;
v0x5ed30004ec30_0 .net *"_ivl_4", 0 0, L_0x5ed3001a2a30;  1 drivers
S_0x5ed3000bc070 .scope module, "inst" "isqrt_slice_comb" 10 45, 11 1 0, S_0x5ed3000bda80;
 .timescale 0 0;
    .port_info 0 /INPUT 32 "ix";
    .port_info 1 /INPUT 32 "iy";
    .port_info 2 /OUTPUT 32 "ox";
    .port_info 3 /OUTPUT 32 "oy";
P_0x5ed30005f7b0 .param/l "m" 0 11 3, C4<00000000000000000000000100000000>;
L_0x7ca2915b7e28 .functor BUFT 1, C4<00000000000000000000000100000000>, C4<0>, C4<0>, C4<0>;
L_0x5ed3001a20b0 .functor OR 32, L_0x5ed3001a73f0, L_0x7ca2915b7e28, C4<00000000000000000000000000000000>, C4<00000000000000000000000000000000>;
L_0x5ed3001a23a0 .functor OR 32, L_0x5ed3001a2680, L_0x5ed3001a27c0, C4<00000000000000000000000000000000>, C4<00000000000000000000000000000000>;
v0x5ed300096800_0 .net/2u *"_ivl_0", 31 0, L_0x7ca2915b7e28;  1 drivers
v0x5ed3000922e0_0 .net *"_ivl_10", 31 0, L_0x5ed3001a2680;  1 drivers
v0x5ed30008dec0_0 .net *"_ivl_12", 30 0, L_0x5ed3001a25e0;  1 drivers
L_0x7ca2915b7e70 .functor BUFT 1, C4<0>, C4<0>, C4<0>, C4<0>;
v0x5ed300076df0_0 .net *"_ivl_14", 0 0, L_0x7ca2915b7e70;  1 drivers
L_0x7ca2915b7eb8 .functor BUFT 1, C4<00000000000000000000000100000000>, C4<0>, C4<0>, C4<0>;
v0x5ed300074ae0_0 .net/2u *"_ivl_16", 31 0, L_0x7ca2915b7eb8;  1 drivers
L_0x7ca2915b7f00 .functor BUFT 1, C4<00000000000000000000000000000000>, C4<0>, C4<0>, C4<0>;
v0x5ed300071cf0_0 .net/2u *"_ivl_18", 31 0, L_0x7ca2915b7f00;  1 drivers
v0x5ed30006d800_0 .net *"_ivl_20", 31 0, L_0x5ed3001a27c0;  1 drivers
v0x5ed3000693a0_0 .net *"_ivl_6", 31 0, L_0x5ed3001a2300;  1 drivers
v0x5ed300064f40_0 .net "b", 31 0, L_0x5ed3001a20b0;  1 drivers
v0x5ed300060ae0_0 .net "ix", 31 0, L_0x5ed3001a7380;  alias, 1 drivers
v0x5ed30005e7d0_0 .net "iy", 31 0, L_0x5ed3001a73f0;  alias, 1 drivers
v0x5ed30005b9e0_0 .net "ox", 31 0, L_0x5ed3001a2410;  alias, 1 drivers
v0x5ed3000574f0_0 .net "oy", 31 0, L_0x5ed3001a23a0;  alias, 1 drivers
v0x5ed300053090_0 .net "x_ge_b", 0 0, L_0x5ed3001a21c0;  1 drivers
L_0x5ed3001a21c0 .cmp/ge 32, L_0x5ed3001a7380, L_0x5ed3001a20b0;
L_0x5ed3001a2300 .arith/sub 32, L_0x5ed3001a7380, L_0x5ed3001a20b0;
L_0x5ed3001a2410 .functor MUXZ 32, L_0x5ed3001a7380, L_0x5ed3001a2300, L_0x5ed3001a21c0, C4<>;
L_0x5ed3001a25e0 .part L_0x5ed3001a73f0, 1, 31;
L_0x5ed3001a2680 .concat [ 31 1 0 0], L_0x5ed3001a25e0, L_0x7ca2915b7e70;
L_0x5ed3001a27c0 .functor MUXZ 32, L_0x7ca2915b7f00, L_0x7ca2915b7eb8, L_0x5ed3001a21c0, C4<>;
S_0x5ed3000b9620 .scope generate, "u[12]" "u[12]" 10 41, 10 41 0, S_0x5ed300122840;
 .timescale 0 0;
P_0x5ed300059d50 .param/l "i" 1 10 41, +C4<01100>;
S_0x5ed3000b6f70 .scope generate, "slice_comb_gen" "slice_comb_gen" 10 43, 10 43 0, S_0x5ed3000b9620;
 .timescale 0 0;
v0x5ed3000c9c30_0 .net *"_ivl_4", 0 0, L_0x5ed3001a34c0;  1 drivers
S_0x5ed3000b4520 .scope module, "inst" "isqrt_slice_comb" 10 45, 11 1 0, S_0x5ed3000b6f70;
 .timescale 0 0;
    .port_info 0 /INPUT 32 "ix";
    .port_info 1 /INPUT 32 "iy";
    .port_info 2 /OUTPUT 32 "ox";
    .port_info 3 /OUTPUT 32 "oy";
P_0x5ed30004d030 .param/l "m" 0 11 3, C4<00000000000000000000000001000000>;
L_0x7ca2915b7f48 .functor BUFT 1, C4<00000000000000000000000001000000>, C4<0>, C4<0>, C4<0>;
L_0x5ed3001a2b40 .functor OR 32, L_0x5ed3001a7600, L_0x7ca2915b7f48, C4<00000000000000000000000000000000>, C4<00000000000000000000000000000000>;
L_0x5ed3001a2e30 .functor OR 32, L_0x5ed3001a3110, L_0x5ed3001a3250, C4<00000000000000000000000000000000>, C4<00000000000000000000000000000000>;
v0x5ed30004a890_0 .net/2u *"_ivl_0", 31 0, L_0x7ca2915b7f48;  1 drivers
v0x5ed3000484c0_0 .net *"_ivl_10", 31 0, L_0x5ed3001a3110;  1 drivers
v0x5ed300048580_0 .net *"_ivl_12", 30 0, L_0x5ed3001a3070;  1 drivers
L_0x7ca2915b7f90 .functor BUFT 1, C4<0>, C4<0>, C4<0>, C4<0>;
v0x5ed300045670_0 .net *"_ivl_14", 0 0, L_0x7ca2915b7f90;  1 drivers
L_0x7ca2915b7fd8 .functor BUFT 1, C4<00000000000000000000000001000000>, C4<0>, C4<0>, C4<0>;
v0x5ed300041180_0 .net/2u *"_ivl_16", 31 0, L_0x7ca2915b7fd8;  1 drivers
L_0x7ca2915b8020 .functor BUFT 1, C4<00000000000000000000000000000000>, C4<0>, C4<0>, C4<0>;
v0x5ed30003cd20_0 .net/2u *"_ivl_18", 31 0, L_0x7ca2915b8020;  1 drivers
v0x5ed3000388c0_0 .net *"_ivl_20", 31 0, L_0x5ed3001a3250;  1 drivers
v0x5ed300034510_0 .net *"_ivl_6", 31 0, L_0x5ed3001a2d90;  1 drivers
v0x5ed30013f950_0 .net "b", 31 0, L_0x5ed3001a2b40;  1 drivers
v0x5ed3000e5ea0_0 .net "ix", 31 0, L_0x5ed3001a7590;  alias, 1 drivers
v0x5ed30008c480_0 .net "iy", 31 0, L_0x5ed3001a7600;  alias, 1 drivers
v0x5ed3001236e0_0 .net "ox", 31 0, L_0x5ed3001a2ea0;  alias, 1 drivers
v0x5ed30010d3d0_0 .net "oy", 31 0, L_0x5ed3001a2e30;  alias, 1 drivers
v0x5ed3000f7060_0 .net "x_ge_b", 0 0, L_0x5ed3001a2c50;  1 drivers
L_0x5ed3001a2c50 .cmp/ge 32, L_0x5ed3001a7590, L_0x5ed3001a2b40;
L_0x5ed3001a2d90 .arith/sub 32, L_0x5ed3001a7590, L_0x5ed3001a2b40;
L_0x5ed3001a2ea0 .functor MUXZ 32, L_0x5ed3001a7590, L_0x5ed3001a2d90, L_0x5ed3001a2c50, C4<>;
L_0x5ed3001a3070 .part L_0x5ed3001a7600, 1, 31;
L_0x5ed3001a3110 .concat [ 31 1 0 0], L_0x5ed3001a3070, L_0x7ca2915b7f90;
L_0x5ed3001a3250 .functor MUXZ 32, L_0x7ca2915b8020, L_0x7ca2915b7fd8, L_0x5ed3001a2c50, C4<>;
S_0x5ed3000b2a80 .scope generate, "u[13]" "u[13]" 10 41, 10 41 0, S_0x5ed300122840;
 .timescale 0 0;
P_0x5ed300044d00 .param/l "i" 1 10 41, +C4<01101>;
S_0x5ed3000b0030 .scope generate, "slice_comb_gen" "slice_comb_gen" 10 43, 10 43 0, S_0x5ed3000b2a80;
 .timescale 0 0;
v0x5ed3001398d0_0 .net *"_ivl_4", 0 0, L_0x5ed3001a3ee0;  1 drivers
S_0x5ed3000ae620 .scope module, "inst" "isqrt_slice_comb" 10 45, 11 1 0, S_0x5ed3000b0030;
 .timescale 0 0;
    .port_info 0 /INPUT 32 "ix";
    .port_info 1 /INPUT 32 "iy";
    .port_info 2 /OUTPUT 32 "ox";
    .port_info 3 /OUTPUT 32 "oy";
P_0x5ed30003c3b0 .param/l "m" 0 11 3, C4<00000000000000000000000000010000>;
L_0x7ca2915b8068 .functor BUFT 1, C4<00000000000000000000000000010000>, C4<0>, C4<0>, C4<0>;
L_0x5ed3001a3560 .functor OR 32, L_0x5ed3001a7910, L_0x7ca2915b8068, C4<00000000000000000000000000000000>, C4<00000000000000000000000000000000>;
L_0x5ed3001a3850 .functor OR 32, L_0x5ed3001a3b30, L_0x5ed3001a3c70, C4<00000000000000000000000000000000>, C4<00000000000000000000000000000000>;
v0x5ed3000b3920_0 .net/2u *"_ivl_0", 31 0, L_0x7ca2915b8068;  1 drivers
v0x5ed30009d5b0_0 .net *"_ivl_10", 31 0, L_0x5ed3001a3b30;  1 drivers
v0x5ed300070210_0 .net *"_ivl_12", 30 0, L_0x5ed3001a3a90;  1 drivers
L_0x7ca2915b80b0 .functor BUFT 1, C4<0>, C4<0>, C4<0>, C4<0>;
v0x5ed300059f00_0 .net *"_ivl_14", 0 0, L_0x7ca2915b80b0;  1 drivers
L_0x7ca2915b80f8 .functor BUFT 1, C4<00000000000000000000000000010000>, C4<0>, C4<0>, C4<0>;
v0x5ed300043b90_0 .net/2u *"_ivl_16", 31 0, L_0x7ca2915b80f8;  1 drivers
L_0x7ca2915b8140 .functor BUFT 1, C4<00000000000000000000000000000000>, C4<0>, C4<0>, C4<0>;
v0x5ed30013eec0_0 .net/2u *"_ivl_18", 31 0, L_0x7ca2915b8140;  1 drivers
v0x5ed30013d410_0 .net *"_ivl_20", 31 0, L_0x5ed3001a3c70;  1 drivers
v0x5ed30013e7d0_0 .net *"_ivl_6", 31 0, L_0x5ed3001a37b0;  1 drivers
v0x5ed30013db00_0 .net "b", 31 0, L_0x5ed3001a3560;  1 drivers
v0x5ed30013b380_0 .net "ix", 31 0, L_0x5ed3001a78a0;  alias, 1 drivers
v0x5ed30013c050_0 .net "iy", 31 0, L_0x5ed3001a7910;  alias, 1 drivers
v0x5ed30013c740_0 .net "ox", 31 0, L_0x5ed3001a38c0;  alias, 1 drivers
v0x5ed30013ac90_0 .net "oy", 31 0, L_0x5ed3001a3850;  alias, 1 drivers
v0x5ed300138c00_0 .net "x_ge_b", 0 0, L_0x5ed3001a3670;  1 drivers
L_0x5ed3001a3670 .cmp/ge 32, L_0x5ed3001a78a0, L_0x5ed3001a3560;
L_0x5ed3001a37b0 .arith/sub 32, L_0x5ed3001a78a0, L_0x5ed3001a3560;
L_0x5ed3001a38c0 .functor MUXZ 32, L_0x5ed3001a78a0, L_0x5ed3001a37b0, L_0x5ed3001a3670, C4<>;
L_0x5ed3001a3a90 .part L_0x5ed3001a7910, 1, 31;
L_0x5ed3001a3b30 .concat [ 31 1 0 0], L_0x5ed3001a3a90, L_0x7ca2915b80b0;
L_0x5ed3001a3c70 .functor MUXZ 32, L_0x7ca2915b8140, L_0x7ca2915b80f8, L_0x5ed3001a3670, C4<>;
S_0x5ed3000abbd0 .scope generate, "u[14]" "u[14]" 10 41, 10 41 0, S_0x5ed300122840;
 .timescale 0 0;
P_0x5ed300033cb0 .param/l "i" 1 10 41, +C4<01110>;
S_0x5ed3000aa1c0 .scope generate, "slice_reg_gen" "slice_reg_gen" 10 43, 10 43 0, S_0x5ed3000abbd0;
 .timescale 0 0;
S_0x5ed3000a7770 .scope module, "inst" "isqrt_slice_reg" 10 57, 12 1 0, S_0x5ed3000aa1c0;
 .timescale 0 0;
    .port_info 0 /INPUT 1 "clk";
    .port_info 1 /INPUT 1 "rst";
    .port_info 2 /INPUT 1 "ivld";
    .port_info 3 /INPUT 32 "ix";
    .port_info 4 /INPUT 32 "iy";
    .port_info 5 /OUTPUT 1 "ovld";
    .port_info 6 /OUTPUT 32 "ox";
    .port_info 7 /OUTPUT 32 "oy";
P_0x5ed3000b3a20 .param/l "m" 0 12 3, C4<00000000000000000000000000000100>;
v0x5ed30012ef40_0 .net "clk", 0 0, v0x5ed300189950_0;  alias, 1 drivers
v0x5ed30012f000_0 .net "cox", 31 0, L_0x5ed3001a42e0;  1 drivers
v0x5ed30012e850_0 .net "coy", 31 0, L_0x5ed3001a41e0;  1 drivers
v0x5ed30012e920_0 .net "ivld", 0 0, L_0x5ed3001a4b40;  1 drivers
v0x5ed30012dd60_0 .net "ix", 31 0, L_0x5ed3001a7ab0;  alias, 1 drivers
v0x5ed30012de20_0 .net "iy", 31 0, L_0x5ed3001a7b20;  alias, 1 drivers
v0x5ed30012ccd0_0 .var "ovld", 0 0;
v0x5ed30012cd70_0 .var "ox", 31 0;
v0x5ed3000e5410_0 .var "oy", 31 0;
v0x5ed3000e4d20_0 .net "rst", 0 0, v0x5ed300189fa0_0;  alias, 1 drivers
S_0x5ed3000a5d60 .scope module, "inst" "isqrt_slice_comb" 12 20, 11 1 0, S_0x5ed3000a7770;
 .timescale 0 0;
    .port_info 0 /INPUT 32 "ix";
    .port_info 1 /INPUT 32 "iy";
    .port_info 2 /OUTPUT 32 "ox";
    .port_info 3 /OUTPUT 32 "oy";
P_0x5ed3000af2f0 .param/l "m" 0 11 3, C4<00000000000000000000000000000100>;
L_0x7ca2915b8188 .functor BUFT 1, C4<00000000000000000000000000000100>, C4<0>, C4<0>, C4<0>;
L_0x5ed3001a2ad0 .functor OR 32, L_0x5ed3001a7b20, L_0x7ca2915b8188, C4<00000000000000000000000000000000>, C4<00000000000000000000000000000000>;
L_0x5ed3001a41e0 .functor OR 32, L_0x5ed3001a45a0, L_0x5ed3001a4aa0, C4<00000000000000000000000000000000>, C4<00000000000000000000000000000000>;
v0x5ed30013a090_0 .net/2u *"_ivl_0", 31 0, L_0x7ca2915b8188;  1 drivers
v0x5ed300138510_0 .net *"_ivl_10", 31 0, L_0x5ed3001a45a0;  1 drivers
v0x5ed3001385d0_0 .net *"_ivl_12", 30 0, L_0x5ed3001a4470;  1 drivers
L_0x7ca2915b81d0 .functor BUFT 1, C4<0>, C4<0>, C4<0>, C4<0>;
v0x5ed300135d90_0 .net *"_ivl_14", 0 0, L_0x7ca2915b81d0;  1 drivers
L_0x7ca2915b8218 .functor BUFT 1, C4<00000000000000000000000000000100>, C4<0>, C4<0>, C4<0>;
v0x5ed3001350c0_0 .net/2u *"_ivl_16", 31 0, L_0x7ca2915b8218;  1 drivers
L_0x7ca2915b8260 .functor BUFT 1, C4<00000000000000000000000000000000>, C4<0>, C4<0>, C4<0>;
v0x5ed3001349d0_0 .net/2u *"_ivl_18", 31 0, L_0x7ca2915b8260;  1 drivers
v0x5ed300133d00_0 .net *"_ivl_20", 31 0, L_0x5ed3001a4aa0;  1 drivers
v0x5ed300133610_0 .net *"_ivl_6", 31 0, L_0x5ed3001a4140;  1 drivers
v0x5ed300132940_0 .net "b", 31 0, L_0x5ed3001a2ad0;  1 drivers
v0x5ed300132250_0 .net "ix", 31 0, L_0x5ed3001a7ab0;  alias, 1 drivers
v0x5ed300131580_0 .net "iy", 31 0, L_0x5ed3001a7b20;  alias, 1 drivers
v0x5ed300130e90_0 .net "ox", 31 0, L_0x5ed3001a42e0;  alias, 1 drivers
v0x5ed3001301c0_0 .net "oy", 31 0, L_0x5ed3001a41e0;  alias, 1 drivers
v0x5ed30012fad0_0 .net "x_ge_b", 0 0, L_0x5ed3001a4050;  1 drivers
L_0x5ed3001a4050 .cmp/ge 32, L_0x5ed3001a7ab0, L_0x5ed3001a2ad0;
L_0x5ed3001a4140 .arith/sub 32, L_0x5ed3001a7ab0, L_0x5ed3001a2ad0;
L_0x5ed3001a42e0 .functor MUXZ 32, L_0x5ed3001a7ab0, L_0x5ed3001a4140, L_0x5ed3001a4050, C4<>;
L_0x5ed3001a4470 .part L_0x5ed3001a7b20, 1, 31;
L_0x5ed3001a45a0 .concat [ 31 1 0 0], L_0x5ed3001a4470, L_0x7ca2915b81d0;
L_0x5ed3001a4aa0 .functor MUXZ 32, L_0x7ca2915b8260, L_0x7ca2915b8218, L_0x5ed3001a4050, C4<>;
S_0x5ed3000a3310 .scope generate, "u[15]" "u[15]" 10 41, 10 41 0, S_0x5ed300122840;
 .timescale 0 0;
P_0x5ed3000cf4f0 .param/l "i" 1 10 41, +C4<01111>;
S_0x5ed3000a0c00 .scope generate, "slice_comb_gen" "slice_comb_gen" 10 43, 10 43 0, S_0x5ed3000a3310;
 .timescale 0 0;
v0x5ed3000db610_0 .net *"_ivl_4", 0 0, L_0x5ed3001a5aa0;  1 drivers
S_0x5ed30009e1b0 .scope module, "inst" "isqrt_slice_comb" 10 45, 11 1 0, S_0x5ed3000a0c00;
 .timescale 0 0;
    .port_info 0 /INPUT 32 "ix";
    .port_info 1 /INPUT 32 "iy";
    .port_info 2 /OUTPUT 32 "ox";
    .port_info 3 /OUTPUT 32 "oy";
P_0x5ed3001184f0 .param/l "m" 0 11 3, C4<00000000000000000000000000000001>;
L_0x7ca2915b82a8 .functor BUFT 1, C4<00000000000000000000000000000001>, C4<0>, C4<0>, C4<0>;
L_0x5ed3001a4be0 .functor OR 32, L_0x5ed3001a7fc0, L_0x7ca2915b82a8, C4<00000000000000000000000000000000>, C4<00000000000000000000000000000000>;
L_0x5ed3001a4ed0 .functor OR 32, L_0x5ed3001a51b0, L_0x5ed3001a52f0, C4<00000000000000000000000000000000>, C4<00000000000000000000000000000000>;
v0x5ed3000e4050_0 .net/2u *"_ivl_0", 31 0, L_0x7ca2915b82a8;  1 drivers
v0x5ed3000e3960_0 .net *"_ivl_10", 31 0, L_0x5ed3001a51b0;  1 drivers
v0x5ed3000e2c90_0 .net *"_ivl_12", 30 0, L_0x5ed3001a5110;  1 drivers
L_0x7ca2915b82f0 .functor BUFT 1, C4<0>, C4<0>, C4<0>, C4<0>;
v0x5ed3000e25a0_0 .net *"_ivl_14", 0 0, L_0x7ca2915b82f0;  1 drivers
L_0x7ca2915b8338 .functor BUFT 1, C4<00000000000000000000000000000001>, C4<0>, C4<0>, C4<0>;
v0x5ed3000e18d0_0 .net/2u *"_ivl_16", 31 0, L_0x7ca2915b8338;  1 drivers
L_0x7ca2915b8380 .functor BUFT 1, C4<00000000000000000000000000000000>, C4<0>, C4<0>, C4<0>;
v0x5ed3000e11e0_0 .net/2u *"_ivl_18", 31 0, L_0x7ca2915b8380;  1 drivers
v0x5ed3000e0510_0 .net *"_ivl_20", 31 0, L_0x5ed3001a52f0;  1 drivers
v0x5ed3000dfe20_0 .net *"_ivl_6", 31 0, L_0x5ed3001a4e30;  1 drivers
v0x5ed3000df150_0 .net "b", 31 0, L_0x5ed3001a4be0;  1 drivers
v0x5ed3000dea60_0 .net "ix", 31 0, L_0x5ed3001a7f50;  alias, 1 drivers
v0x5ed3000ddd90_0 .net "iy", 31 0, L_0x5ed3001a7fc0;  alias, 1 drivers
v0x5ed3000dd6a0_0 .net "ox", 31 0, L_0x5ed3001a4f40;  alias, 1 drivers
v0x5ed3000dc9d0_0 .net "oy", 31 0, L_0x5ed3001a4ed0;  alias, 1 drivers
v0x5ed3000dc2e0_0 .net "x_ge_b", 0 0, L_0x5ed3001a4cf0;  1 drivers
L_0x5ed3001a4cf0 .cmp/ge 32, L_0x5ed3001a7f50, L_0x5ed3001a4be0;
L_0x5ed3001a4e30 .arith/sub 32, L_0x5ed3001a7f50, L_0x5ed3001a4be0;
L_0x5ed3001a4f40 .functor MUXZ 32, L_0x5ed3001a7f50, L_0x5ed3001a4e30, L_0x5ed3001a4cf0, C4<>;
L_0x5ed3001a5110 .part L_0x5ed3001a7fc0, 1, 31;
L_0x5ed3001a51b0 .concat [ 31 1 0 0], L_0x5ed3001a5110, L_0x7ca2915b82f0;
L_0x5ed3001a52f0 .functor MUXZ 32, L_0x7ca2915b8380, L_0x7ca2915b8338, L_0x5ed3001a4cf0, C4<>;
S_0x5ed30009c710 .scope generate, "v[1]" "v[1]" 10 73, 10 73 0, S_0x5ed300122840;
 .timescale 0 0;
P_0x5ed3000db030 .param/l "i" 1 10 73, +C4<01>;
L_0x5ed3001a5d20 .functor BUFZ 32, L_0x5ed30019b420, C4<00000000000000000000000000000000>, C4<00000000000000000000000000000000>, C4<00000000000000000000000000000000>;
L_0x5ed3001a5d90 .functor BUFZ 32, L_0x5ed30019b3b0, C4<00000000000000000000000000000000>, C4<00000000000000000000000000000000>, C4<00000000000000000000000000000000>;
v0x5ed3000da250_0 .net *"_ivl_0", 0 0, L_0x5ed3001a5b90;  1 drivers
S_0x5ed300099cc0 .scope generate, "v[2]" "v[2]" 10 73, 10 73 0, S_0x5ed300122840;
 .timescale 0 0;
P_0x5ed30010ef90 .param/l "i" 1 10 73, +C4<010>;
L_0x5ed3001a5ea0 .functor BUFZ 32, L_0x5ed30019be20, C4<00000000000000000000000000000000>, C4<00000000000000000000000000000000>, C4<00000000000000000000000000000000>;
L_0x5ed3001a5f10 .functor BUFZ 32, L_0x5ed30019bdb0, C4<00000000000000000000000000000000>, C4<00000000000000000000000000000000>, C4<00000000000000000000000000000000>;
v0x5ed3000da310_0 .net *"_ivl_0", 0 0, L_0x5ed3001a5e00;  1 drivers
S_0x5ed3000982b0 .scope generate, "v[3]" "v[3]" 10 73, 10 73 0, S_0x5ed300122840;
 .timescale 0 0;
P_0x5ed300102200 .param/l "i" 1 10 73, +C4<011>;
L_0x5ed3001a61f0 .functor BUFZ 32, L_0x5ed30019c890, C4<00000000000000000000000000000000>, C4<00000000000000000000000000000000>, C4<00000000000000000000000000000000>;
L_0x5ed3001a6260 .functor BUFZ 32, L_0x5ed30019c820, C4<00000000000000000000000000000000>, C4<00000000000000000000000000000000>, C4<00000000000000000000000000000000>;
v0x5ed3000d9b60_0 .net *"_ivl_0", 0 0, L_0x5ed3001a6010;  1 drivers
S_0x5ed300095860 .scope generate, "v[4]" "v[4]" 10 73, 10 73 0, S_0x5ed300122840;
 .timescale 0 0;
P_0x5ed3000d9c80 .param/l "i" 1 10 73, +C4<0100>;
L_0x5ed3001a6360 .functor BUFZ 32, L_0x5ed30019d3c0, C4<00000000000000000000000000000000>, C4<00000000000000000000000000000000>, C4<00000000000000000000000000000000>;
L_0x5ed3001a63d0 .functor BUFZ 32, L_0x5ed30019d350, C4<00000000000000000000000000000000>, C4<00000000000000000000000000000000>, C4<00000000000000000000000000000000>;
v0x5ed3000d8e90_0 .net *"_ivl_0", 0 0, L_0x5ed3001a5c80;  1 drivers
S_0x5ed300093e50 .scope generate, "v[5]" "v[5]" 10 73, 10 73 0, S_0x5ed300122840;
 .timescale 0 0;
P_0x5ed3000d8fb0 .param/l "i" 1 10 73, +C4<0101>;
L_0x5ed3001a65a0 .functor BUFZ 32, v0x5ed3000b3730_0, C4<00000000000000000000000000000000>, C4<00000000000000000000000000000000>, C4<00000000000000000000000000000000>;
L_0x5ed3001a6610 .functor BUFZ 32, v0x5ed3000b04c0_0, C4<00000000000000000000000000000000>, C4<00000000000000000000000000000000>, C4<00000000000000000000000000000000>;
v0x5ed3000d87a0_0 .net *"_ivl_0", 0 0, L_0x5ed3001a6440;  1 drivers
S_0x5ed300091400 .scope generate, "v[6]" "v[6]" 10 73, 10 73 0, S_0x5ed300122840;
 .timescale 0 0;
P_0x5ed3000d88c0 .param/l "i" 1 10 73, +C4<0110>;
L_0x5ed3001a67b0 .functor BUFZ 32, L_0x5ed30019e750, C4<00000000000000000000000000000000>, C4<00000000000000000000000000000000>, C4<00000000000000000000000000000000>;
L_0x5ed3001a6820 .functor BUFZ 32, L_0x5ed30019e6e0, C4<00000000000000000000000000000000>, C4<00000000000000000000000000000000>, C4<00000000000000000000000000000000>;
v0x5ed3000d7ad0_0 .net *"_ivl_0", 0 0, L_0x5ed3001a6710;  1 drivers
S_0x5ed30008f990 .scope generate, "v[7]" "v[7]" 10 73, 10 73 0, S_0x5ed300122840;
 .timescale 0 0;
P_0x5ed3000d7bf0 .param/l "i" 1 10 73, +C4<0111>;
L_0x5ed3001a6a90 .functor BUFZ 32, L_0x5ed30019f1b0, C4<00000000000000000000000000000000>, C4<00000000000000000000000000000000>, C4<00000000000000000000000000000000>;
L_0x5ed3001a6b00 .functor BUFZ 32, L_0x5ed30019f140, C4<00000000000000000000000000000000>, C4<00000000000000000000000000000000>, C4<00000000000000000000000000000000>;
v0x5ed3000d73e0_0 .net *"_ivl_0", 0 0, L_0x5ed3001a6920;  1 drivers
S_0x5ed30008d1c0 .scope generate, "v[8]" "v[8]" 10 73, 10 73 0, S_0x5ed300122840;
 .timescale 0 0;
P_0x5ed3000d7500 .param/l "i" 1 10 73, +C4<01000>;
L_0x5ed3001a6c10 .functor BUFZ 32, L_0x5ed30019fbd0, C4<00000000000000000000000000000000>, C4<00000000000000000000000000000000>, C4<00000000000000000000000000000000>;
L_0x5ed3001a6c80 .functor BUFZ 32, L_0x5ed30019fb60, C4<00000000000000000000000000000000>, C4<00000000000000000000000000000000>, C4<00000000000000000000000000000000>;
v0x5ed3000d6710_0 .net *"_ivl_0", 0 0, L_0x5ed3001a6b70;  1 drivers
S_0x5ed300078960 .scope generate, "v[9]" "v[9]" 10 73, 10 73 0, S_0x5ed300122840;
 .timescale 0 0;
P_0x5ed3000d6830 .param/l "i" 1 10 73, +C4<01001>;
L_0x5ed3001a6f00 .functor BUFZ 32, L_0x5ed3001a0640, C4<00000000000000000000000000000000>, C4<00000000000000000000000000000000>, C4<00000000000000000000000000000000>;
L_0x5ed3001a6f70 .functor BUFZ 32, L_0x5ed3001a05d0, C4<00000000000000000000000000000000>, C4<00000000000000000000000000000000>, C4<00000000000000000000000000000000>;
v0x5ed3000d6020_0 .net *"_ivl_0", 0 0, L_0x5ed3001a6d80;  1 drivers
S_0x5ed300075f10 .scope generate, "v[10]" "v[10]" 10 73, 10 73 0, S_0x5ed300122840;
 .timescale 0 0;
P_0x5ed3000d6140 .param/l "i" 1 10 73, +C4<01010>;
L_0x5ed3001a7080 .functor BUFZ 32, v0x5ed3000ebe30_0, C4<00000000000000000000000000000000>, C4<00000000000000000000000000000000>, C4<00000000000000000000000000000000>;
L_0x5ed3001a70f0 .functor BUFZ 32, v0x5ed3000e7970_0, C4<00000000000000000000000000000000>, C4<00000000000000000000000000000000>, C4<00000000000000000000000000000000>;
v0x5ed3000d5490_0 .net *"_ivl_0", 0 0, L_0x5ed3001a6fe0;  1 drivers
S_0x5ed300073860 .scope generate, "v[11]" "v[11]" 10 73, 10 73 0, S_0x5ed300122840;
 .timescale 0 0;
P_0x5ed3000d55b0 .param/l "i" 1 10 73, +C4<01011>;
L_0x5ed3001a7380 .functor BUFZ 32, L_0x5ed3001a19f0, C4<00000000000000000000000000000000>, C4<00000000000000000000000000000000>, C4<00000000000000000000000000000000>;
L_0x5ed3001a73f0 .functor BUFZ 32, L_0x5ed3001a1980, C4<00000000000000000000000000000000>, C4<00000000000000000000000000000000>, C4<00000000000000000000000000000000>;
v0x5ed3000d4da0_0 .net *"_ivl_0", 0 0, L_0x5ed3001a71f0;  1 drivers
S_0x5ed300070e10 .scope generate, "v[12]" "v[12]" 10 73, 10 73 0, S_0x5ed300122840;
 .timescale 0 0;
P_0x5ed3000d4ec0 .param/l "i" 1 10 73, +C4<01100>;
L_0x5ed3001a7590 .functor BUFZ 32, L_0x5ed3001a2410, C4<00000000000000000000000000000000>, C4<00000000000000000000000000000000>, C4<00000000000000000000000000000000>;
L_0x5ed3001a7600 .functor BUFZ 32, L_0x5ed3001a23a0, C4<00000000000000000000000000000000>, C4<00000000000000000000000000000000>, C4<00000000000000000000000000000000>;
v0x5ed3000d42b0_0 .net *"_ivl_0", 0 0, L_0x5ed3001a74f0;  1 drivers
S_0x5ed30006f370 .scope generate, "v[13]" "v[13]" 10 73, 10 73 0, S_0x5ed300122840;
 .timescale 0 0;
P_0x5ed3000d43d0 .param/l "i" 1 10 73, +C4<01101>;
L_0x5ed3001a78a0 .functor BUFZ 32, L_0x5ed3001a2ea0, C4<00000000000000000000000000000000>, C4<00000000000000000000000000000000>, C4<00000000000000000000000000000000>;
L_0x5ed3001a7910 .functor BUFZ 32, L_0x5ed3001a2e30, C4<00000000000000000000000000000000>, C4<00000000000000000000000000000000>, C4<00000000000000000000000000000000>;
v0x5ed3000d3220_0 .net *"_ivl_0", 0 0, L_0x5ed3001a7700;  1 drivers
S_0x5ed30006c920 .scope generate, "v[14]" "v[14]" 10 73, 10 73 0, S_0x5ed300122840;
 .timescale 0 0;
P_0x5ed3000d3340 .param/l "i" 1 10 73, +C4<01110>;
L_0x5ed3001a7ab0 .functor BUFZ 32, L_0x5ed3001a38c0, C4<00000000000000000000000000000000>, C4<00000000000000000000000000000000>, C4<00000000000000000000000000000000>;
L_0x5ed3001a7b20 .functor BUFZ 32, L_0x5ed3001a3850, C4<00000000000000000000000000000000>, C4<00000000000000000000000000000000>, C4<00000000000000000000000000000000>;
v0x5ed30008b9f0_0 .net *"_ivl_0", 0 0, L_0x5ed3001a7a10;  1 drivers
S_0x5ed30006af10 .scope generate, "v[15]" "v[15]" 10 73, 10 73 0, S_0x5ed300122840;
 .timescale 0 0;
P_0x5ed30008bb10 .param/l "i" 1 10 73, +C4<01111>;
L_0x5ed3001a7f50 .functor BUFZ 32, v0x5ed30012cd70_0, C4<00000000000000000000000000000000>, C4<00000000000000000000000000000000>, C4<00000000000000000000000000000000>;
L_0x5ed3001a7fc0 .functor BUFZ 32, v0x5ed3000e5410_0, C4<00000000000000000000000000000000>, C4<00000000000000000000000000000000>, C4<00000000000000000000000000000000>;
v0x5ed30008b300_0 .net *"_ivl_0", 0 0, L_0x5ed3001a7b90;  1 drivers
S_0x5ed3000684c0 .scope module, "isqrt2" "isqrt" 8 94, 10 6 0, S_0x5ed3001293e0;
 .timescale 0 0;
    .port_info 0 /INPUT 1 "clk";
    .port_info 1 /INPUT 1 "rst";
    .port_info 2 /INPUT 1 "x_vld";
    .port_info 3 /INPUT 32 "x";
    .port_info 4 /OUTPUT 1 "y_vld";
    .port_info 5 /OUTPUT 16 "y";
P_0x5ed300085040 .param/l "m" 1 10 24, C4<01000000000000000000000000000000>;
P_0x5ed300085080 .param/l "n_pipe_stages" 0 10 8, +C4<00000000000000000000000000000011>;
P_0x5ed3000850c0 .param/l "n_slices" 1 10 21, +C4<00000000000000000000000000010000>;
P_0x5ed300085100 .param/l "n_slices_per_stage" 1 10 22, +C4<00000000000000000000000000000101>;
L_0x5ed3001b5d20 .functor BUFZ 1, v0x5ed300188300_0, C4<0>, C4<0>, C4<0>;
L_0x5ed3001b5e30 .functor BUFZ 32, v0x5ed300187ff0_0, C4<00000000000000000000000000000000>, C4<00000000000000000000000000000000>, C4<00000000000000000000000000000000>;
v0x5ed3001683f0_0 .net *"_ivl_98", 0 0, L_0x5ed3001b5d20;  1 drivers
v0x5ed3001684f0_0 .net "clk", 0 0, v0x5ed300189950_0;  alias, 1 drivers
v0x5ed3001685b0_0 .net "ivld", 15 0, L_0x5ed3001b5920;  1 drivers
v0x5ed300168650 .array "ix", 15 0;
v0x5ed300168650_0 .net v0x5ed300168650 0, 31 0, L_0x5ed3001b5e30; 1 drivers
v0x5ed300168650_1 .net v0x5ed300168650 1, 31 0, L_0x5ed3001b3580; 1 drivers
v0x5ed300168650_2 .net v0x5ed300168650 2, 31 0, L_0x5ed3001b3700; 1 drivers
v0x5ed300168650_3 .net v0x5ed300168650 3, 31 0, L_0x5ed3001b3a50; 1 drivers
v0x5ed300168650_4 .net v0x5ed300168650 4, 31 0, L_0x5ed3001b3bc0; 1 drivers
v0x5ed300168650_5 .net v0x5ed300168650 5, 31 0, L_0x5ed3001b3e00; 1 drivers
v0x5ed300168650_6 .net v0x5ed300168650 6, 31 0, L_0x5ed3001b4010; 1 drivers
v0x5ed300168650_7 .net v0x5ed300168650 7, 31 0, L_0x5ed3001b42f0; 1 drivers
v0x5ed300168650_8 .net v0x5ed300168650 8, 31 0, L_0x5ed3001b4470; 1 drivers
v0x5ed300168650_9 .net v0x5ed300168650 9, 31 0, L_0x5ed3001b4760; 1 drivers
v0x5ed300168650_10 .net v0x5ed300168650 10, 31 0, L_0x5ed3001b48e0; 1 drivers
v0x5ed300168650_11 .net v0x5ed300168650 11, 31 0, L_0x5ed3001b4be0; 1 drivers
v0x5ed300168650_12 .net v0x5ed300168650 12, 31 0, L_0x5ed3001b4df0; 1 drivers
v0x5ed300168650_13 .net v0x5ed300168650 13, 31 0, L_0x5ed3001b5100; 1 drivers
v0x5ed300168650_14 .net v0x5ed300168650 14, 31 0, L_0x5ed3001b5310; 1 drivers
v0x5ed300168650_15 .net v0x5ed300168650 15, 31 0, L_0x5ed3001b57b0; 1 drivers
L_0x7ca2915b9610 .functor BUFT 1, C4<00000000000000000000000000000000>, C4<0>, C4<0>, C4<0>;
v0x5ed3001689e0 .array "iy", 15 0;
v0x5ed3001689e0_0 .net v0x5ed3001689e0 0, 31 0, L_0x7ca2915b9610; 1 drivers
v0x5ed3001689e0_1 .net v0x5ed3001689e0 1, 31 0, L_0x5ed3001b35f0; 1 drivers
v0x5ed3001689e0_2 .net v0x5ed3001689e0 2, 31 0, L_0x5ed3001b3770; 1 drivers
v0x5ed3001689e0_3 .net v0x5ed3001689e0 3, 31 0, L_0x5ed3001b3ac0; 1 drivers
v0x5ed3001689e0_4 .net v0x5ed3001689e0 4, 31 0, L_0x5ed3001b3c30; 1 drivers
v0x5ed3001689e0_5 .net v0x5ed3001689e0 5, 31 0, L_0x5ed3001b3e70; 1 drivers
v0x5ed3001689e0_6 .net v0x5ed3001689e0 6, 31 0, L_0x5ed3001b4080; 1 drivers
v0x5ed3001689e0_7 .net v0x5ed3001689e0 7, 31 0, L_0x5ed3001b4360; 1 drivers
v0x5ed3001689e0_8 .net v0x5ed3001689e0 8, 31 0, L_0x5ed3001b44e0; 1 drivers
v0x5ed3001689e0_9 .net v0x5ed3001689e0 9, 31 0, L_0x5ed3001b47d0; 1 drivers
v0x5ed3001689e0_10 .net v0x5ed3001689e0 10, 31 0, L_0x5ed3001b4950; 1 drivers
v0x5ed3001689e0_11 .net v0x5ed3001689e0 11, 31 0, L_0x5ed3001b4c50; 1 drivers
v0x5ed3001689e0_12 .net v0x5ed3001689e0 12, 31 0, L_0x5ed3001b4e60; 1 drivers
v0x5ed3001689e0_13 .net v0x5ed3001689e0 13, 31 0, L_0x5ed3001b5170; 1 drivers
v0x5ed3001689e0_14 .net v0x5ed3001689e0 14, 31 0, L_0x5ed3001b5380; 1 drivers
v0x5ed3001689e0_15 .net v0x5ed3001689e0 15, 31 0, L_0x5ed3001b5820; 1 drivers
v0x5ed300168e00_0 .net "ovld", 15 0, L_0x5ed3001b2b70;  1 drivers
v0x5ed300168ea0 .array "ox", 15 0;
v0x5ed300168ea0_0 .net v0x5ed300168ea0 0, 31 0, L_0x5ed3001a8bf0; 1 drivers
v0x5ed300168ea0_1 .net v0x5ed300168ea0 1, 31 0, L_0x5ed3001a9610; 1 drivers
v0x5ed300168ea0_2 .net v0x5ed300168ea0 2, 31 0, L_0x5ed3001aa080; 1 drivers
v0x5ed300168ea0_3 .net v0x5ed300168ea0 3, 31 0, L_0x5ed3001aaaa0; 1 drivers
v0x5ed300168ea0_4 .net v0x5ed300168ea0 4, 31 0, v0x5ed2fff8b6f0_0; 1 drivers
v0x5ed300168ea0_5 .net v0x5ed300168ea0 5, 31 0, L_0x5ed3001abec0; 1 drivers
v0x5ed300168ea0_6 .net v0x5ed300168ea0 6, 31 0, L_0x5ed3001ac920; 1 drivers
v0x5ed300168ea0_7 .net v0x5ed300168ea0 7, 31 0, L_0x5ed3001ad340; 1 drivers
v0x5ed300168ea0_8 .net v0x5ed300168ea0 8, 31 0, L_0x5ed3001addb0; 1 drivers
v0x5ed300168ea0_9 .net v0x5ed300168ea0 9, 31 0, v0x5ed30015b350_0; 1 drivers
v0x5ed300168ea0_10 .net v0x5ed300168ea0 10, 31 0, L_0x5ed3001af110; 1 drivers
v0x5ed300168ea0_11 .net v0x5ed300168ea0 11, 31 0, L_0x5ed3001afb30; 1 drivers
v0x5ed300168ea0_12 .net v0x5ed300168ea0 12, 31 0, L_0x5ed3001b05c0; 1 drivers
v0x5ed300168ea0_13 .net v0x5ed300168ea0 13, 31 0, L_0x5ed3001b0fe0; 1 drivers
v0x5ed300168ea0_14 .net v0x5ed300168ea0 14, 31 0, v0x5ed300163080_0; 1 drivers
v0x5ed300168ea0_15 .net v0x5ed300168ea0 15, 31 0, L_0x5ed3001b25e0; 1 drivers
v0x5ed3001692d0 .array "oy", 15 0;
v0x5ed3001692d0_0 .net v0x5ed3001692d0 0, 31 0, L_0x5ed3001a8b80; 1 drivers
v0x5ed3001692d0_1 .net v0x5ed3001692d0 1, 31 0, L_0x5ed3001a95a0; 1 drivers
v0x5ed3001692d0_2 .net v0x5ed3001692d0 2, 31 0, L_0x5ed3001aa010; 1 drivers
v0x5ed3001692d0_3 .net v0x5ed3001692d0 3, 31 0, L_0x5ed3001aaa30; 1 drivers
v0x5ed3001692d0_4 .net v0x5ed3001692d0 4, 31 0, v0x5ed2fff8b7d0_0; 1 drivers
v0x5ed3001692d0_5 .net v0x5ed3001692d0 5, 31 0, L_0x5ed3001abe50; 1 drivers
v0x5ed3001692d0_6 .net v0x5ed3001692d0 6, 31 0, L_0x5ed3001ac8b0; 1 drivers
v0x5ed3001692d0_7 .net v0x5ed3001692d0 7, 31 0, L_0x5ed3001ad2d0; 1 drivers
v0x5ed3001692d0_8 .net v0x5ed3001692d0 8, 31 0, L_0x5ed3001add40; 1 drivers
v0x5ed3001692d0_9 .net v0x5ed3001692d0 9, 31 0, v0x5ed30015b430_0; 1 drivers
v0x5ed3001692d0_10 .net v0x5ed3001692d0 10, 31 0, L_0x5ed3001af0a0; 1 drivers
v0x5ed3001692d0_11 .net v0x5ed3001692d0 11, 31 0, L_0x5ed3001afac0; 1 drivers
v0x5ed3001692d0_12 .net v0x5ed3001692d0 12, 31 0, L_0x5ed3001b0550; 1 drivers
v0x5ed3001692d0_13 .net v0x5ed3001692d0 13, 31 0, L_0x5ed3001b0f70; 1 drivers
v0x5ed3001692d0_14 .net v0x5ed3001692d0 14, 31 0, v0x5ed300163160_0; 1 drivers
v0x5ed3001692d0_15 .net v0x5ed3001692d0 15, 31 0, L_0x5ed30013c820; 1 drivers
v0x5ed3001696d0_0 .net "rst", 0 0, v0x5ed300189fa0_0;  alias, 1 drivers
v0x5ed300169800_0 .net "x", 31 0, v0x5ed300187ff0_0;  1 drivers
v0x5ed3001698a0_0 .net "x_vld", 0 0, v0x5ed300188300_0;  1 drivers
v0x5ed300169940_0 .net "y", 15 0, L_0x5ed3001b6140;  alias, 1 drivers
v0x5ed3001699e0_0 .net "y_vld", 0 0, L_0x5ed3001b5f80;  alias, 1 drivers
L_0x5ed3001a9210 .part L_0x5ed3001b5920, 0, 1;
L_0x5ed3001a9c30 .part L_0x5ed3001b5920, 1, 1;
L_0x5ed3001aa6a0 .part L_0x5ed3001b5920, 2, 1;
L_0x5ed3001ab0c0 .part L_0x5ed3001b5920, 3, 1;
L_0x5ed3001abac0 .part L_0x5ed3001b5920, 4, 1;
L_0x5ed3001ac4e0 .part L_0x5ed3001b5920, 5, 1;
L_0x5ed3001acf40 .part L_0x5ed3001b5920, 6, 1;
L_0x5ed3001ad960 .part L_0x5ed3001b5920, 7, 1;
L_0x5ed3001ae340 .part L_0x5ed3001b5920, 8, 1;
L_0x5ed3001aed00 .part L_0x5ed3001b5920, 9, 1;
L_0x5ed3001af730 .part L_0x5ed3001b5920, 10, 1;
L_0x5ed3001b0150 .part L_0x5ed3001b5920, 11, 1;
L_0x5ed3001b0be0 .part L_0x5ed3001b5920, 12, 1;
L_0x5ed3001b1600 .part L_0x5ed3001b5920, 13, 1;
L_0x5ed3001b2400 .part L_0x5ed3001b5920, 14, 1;
LS_0x5ed3001b2b70_0_0 .concat8 [ 1 1 1 1], L_0x5ed3001a9210, L_0x5ed3001a9c30, L_0x5ed3001aa6a0, L_0x5ed3001ab0c0;
LS_0x5ed3001b2b70_0_4 .concat8 [ 1 1 1 1], v0x5ed2fff8b650_0, L_0x5ed3001ac4e0, L_0x5ed3001acf40, L_0x5ed3001ad960;
LS_0x5ed3001b2b70_0_8 .concat8 [ 1 1 1 1], L_0x5ed3001ae340, v0x5ed30015b2b0_0, L_0x5ed3001af730, L_0x5ed3001b0150;
LS_0x5ed3001b2b70_0_12 .concat8 [ 1 1 1 1], L_0x5ed3001b0be0, L_0x5ed3001b1600, v0x5ed300162fe0_0, L_0x5ed3001b30f0;
L_0x5ed3001b2b70 .concat8 [ 4 4 4 4], LS_0x5ed3001b2b70_0_0, LS_0x5ed3001b2b70_0_4, LS_0x5ed3001b2b70_0_8, LS_0x5ed3001b2b70_0_12;
L_0x5ed3001b30f0 .part L_0x5ed3001b5920, 15, 1;
L_0x5ed3001b33f0 .part L_0x5ed3001b2b70, 0, 1;
L_0x5ed3001b3660 .part L_0x5ed3001b2b70, 1, 1;
L_0x5ed3001b3870 .part L_0x5ed3001b2b70, 2, 1;
L_0x5ed3001b34e0 .part L_0x5ed3001b2b70, 3, 1;
L_0x5ed3001b3ca0 .part L_0x5ed3001b2b70, 4, 1;
L_0x5ed3001b3f70 .part L_0x5ed3001b2b70, 5, 1;
L_0x5ed3001b4180 .part L_0x5ed3001b2b70, 6, 1;
L_0x5ed3001b43d0 .part L_0x5ed3001b2b70, 7, 1;
L_0x5ed3001b45e0 .part L_0x5ed3001b2b70, 8, 1;
L_0x5ed3001b4840 .part L_0x5ed3001b2b70, 9, 1;
L_0x5ed3001b4a50 .part L_0x5ed3001b2b70, 10, 1;
L_0x5ed3001b4d50 .part L_0x5ed3001b2b70, 11, 1;
L_0x5ed3001b4f60 .part L_0x5ed3001b2b70, 12, 1;
L_0x5ed3001b5270 .part L_0x5ed3001b2b70, 13, 1;
L_0x5ed3001b53f0 .part L_0x5ed3001b2b70, 14, 1;
LS_0x5ed3001b5920_0_0 .concat8 [ 1 1 1 1], L_0x5ed3001b5d20, L_0x5ed3001b33f0, L_0x5ed3001b3660, L_0x5ed3001b3870;
LS_0x5ed3001b5920_0_4 .concat8 [ 1 1 1 1], L_0x5ed3001b34e0, L_0x5ed3001b3ca0, L_0x5ed3001b3f70, L_0x5ed3001b4180;
LS_0x5ed3001b5920_0_8 .concat8 [ 1 1 1 1], L_0x5ed3001b43d0, L_0x5ed3001b45e0, L_0x5ed3001b4840, L_0x5ed3001b4a50;
LS_0x5ed3001b5920_0_12 .concat8 [ 1 1 1 1], L_0x5ed3001b4d50, L_0x5ed3001b4f60, L_0x5ed3001b5270, L_0x5ed3001b53f0;
L_0x5ed3001b5920 .concat8 [ 4 4 4 4], LS_0x5ed3001b5920_0_0, LS_0x5ed3001b5920_0_4, LS_0x5ed3001b5920_0_8, LS_0x5ed3001b5920_0_12;
L_0x5ed3001b5f80 .part L_0x5ed3001b2b70, 15, 1;
L_0x5ed3001b6140 .part L_0x5ed30013c820, 0, 16;
S_0x5ed300066ab0 .scope generate, "u[0]" "u[0]" 10 41, 10 41 0, S_0x5ed3000684c0;
 .timescale 0 0;
P_0x5ed3000dcab0 .param/l "i" 1 10 41, +C4<00>;
S_0x5ed300064060 .scope generate, "slice_comb_gen" "slice_comb_gen" 10 43, 10 43 0, S_0x5ed300066ab0;
 .timescale 0 0;
v0x5ed30007f510_0 .net *"_ivl_4", 0 0, L_0x5ed3001a9210;  1 drivers
S_0x5ed300062650 .scope module, "inst" "isqrt_slice_comb" 10 45, 11 1 0, S_0x5ed300064060;
 .timescale 0 0;
    .port_info 0 /INPUT 32 "ix";
    .port_info 1 /INPUT 32 "iy";
    .port_info 2 /OUTPUT 32 "ox";
    .port_info 3 /OUTPUT 32 "oy";
P_0x5ed300084410 .param/l "m" 0 11 3, C4<01000000000000000000000000000000>;
L_0x7ca2915b8410 .functor BUFT 1, C4<01000000000000000000000000000000>, C4<0>, C4<0>, C4<0>;
L_0x5ed3001a8890 .functor OR 32, L_0x7ca2915b9610, L_0x7ca2915b8410, C4<00000000000000000000000000000000>, C4<00000000000000000000000000000000>;
L_0x5ed3001a8b80 .functor OR 32, L_0x5ed3001a8e60, L_0x5ed3001a8fa0, C4<00000000000000000000000000000000>, C4<00000000000000000000000000000000>;
v0x5ed300083cf0_0 .net/2u *"_ivl_0", 31 0, L_0x7ca2915b8410;  1 drivers
v0x5ed300082fb0_0 .net *"_ivl_10", 31 0, L_0x5ed3001a8e60;  1 drivers
v0x5ed300083050_0 .net *"_ivl_12", 30 0, L_0x5ed3001a8dc0;  1 drivers
L_0x7ca2915b8458 .functor BUFT 1, C4<0>, C4<0>, C4<0>, C4<0>;
v0x5ed3000828c0_0 .net *"_ivl_14", 0 0, L_0x7ca2915b8458;  1 drivers
L_0x7ca2915b84a0 .functor BUFT 1, C4<01000000000000000000000000000000>, C4<0>, C4<0>, C4<0>;
v0x5ed300082960_0 .net/2u *"_ivl_16", 31 0, L_0x7ca2915b84a0;  1 drivers
L_0x7ca2915b84e8 .functor BUFT 1, C4<00000000000000000000000000000000>, C4<0>, C4<0>, C4<0>;
v0x5ed300081bf0_0 .net/2u *"_ivl_18", 31 0, L_0x7ca2915b84e8;  1 drivers
v0x5ed300081c90_0 .net *"_ivl_20", 31 0, L_0x5ed3001a8fa0;  1 drivers
v0x5ed300081500_0 .net *"_ivl_6", 31 0, L_0x5ed3001a8ae0;  1 drivers
v0x5ed3000815a0_0 .net "b", 31 0, L_0x5ed3001a8890;  1 drivers
v0x5ed300080830_0 .net "ix", 31 0, L_0x5ed3001b5e30;  alias, 1 drivers
v0x5ed3000808d0_0 .net "iy", 31 0, L_0x7ca2915b9610;  alias, 1 drivers
v0x5ed300080140_0 .net "ox", 31 0, L_0x5ed3001a8bf0;  alias, 1 drivers
v0x5ed3000801e0_0 .net "oy", 31 0, L_0x5ed3001a8b80;  alias, 1 drivers
v0x5ed30007f470_0 .net "x_ge_b", 0 0, L_0x5ed3001a89a0;  1 drivers
L_0x5ed3001a89a0 .cmp/ge 32, L_0x5ed3001b5e30, L_0x5ed3001a8890;
L_0x5ed3001a8ae0 .arith/sub 32, L_0x5ed3001b5e30, L_0x5ed3001a8890;
L_0x5ed3001a8bf0 .functor MUXZ 32, L_0x5ed3001b5e30, L_0x5ed3001a8ae0, L_0x5ed3001a89a0, C4<>;
L_0x5ed3001a8dc0 .part L_0x7ca2915b9610, 1, 31;
L_0x5ed3001a8e60 .concat [ 31 1 0 0], L_0x5ed3001a8dc0, L_0x7ca2915b8458;
L_0x5ed3001a8fa0 .functor MUXZ 32, L_0x7ca2915b84e8, L_0x7ca2915b84a0, L_0x5ed3001a89a0, C4<>;
S_0x5ed30005fc00 .scope generate, "u[1]" "u[1]" 10 41, 10 41 0, S_0x5ed3000684c0;
 .timescale 0 0;
P_0x5ed30007edd0 .param/l "i" 1 10 41, +C4<01>;
S_0x5ed30005d550 .scope generate, "slice_comb_gen" "slice_comb_gen" 10 43, 10 43 0, S_0x5ed30005fc00;
 .timescale 0 0;
v0x5ed3000521b0_0 .net *"_ivl_4", 0 0, L_0x5ed3001a9c30;  1 drivers
S_0x5ed30005ab00 .scope module, "inst" "isqrt_slice_comb" 10 45, 11 1 0, S_0x5ed30005d550;
 .timescale 0 0;
    .port_info 0 /INPUT 32 "ix";
    .port_info 1 /INPUT 32 "iy";
    .port_info 2 /OUTPUT 32 "ox";
    .port_info 3 /OUTPUT 32 "oy";
P_0x5ed30007e100 .param/l "m" 0 11 3, C4<00010000000000000000000000000000>;
L_0x7ca2915b8530 .functor BUFT 1, C4<00010000000000000000000000000000>, C4<0>, C4<0>, C4<0>;
L_0x5ed3001a92b0 .functor OR 32, L_0x5ed3001b35f0, L_0x7ca2915b8530, C4<00000000000000000000000000000000>, C4<00000000000000000000000000000000>;
L_0x5ed3001a95a0 .functor OR 32, L_0x5ed3001a9880, L_0x5ed3001a99c0, C4<00000000000000000000000000000000>, C4<00000000000000000000000000000000>;
v0x5ed30007d9c0_0 .net/2u *"_ivl_0", 31 0, L_0x7ca2915b8530;  1 drivers
v0x5ed30007da60_0 .net *"_ivl_10", 31 0, L_0x5ed3001a9880;  1 drivers
v0x5ed30007ccf0_0 .net *"_ivl_12", 30 0, L_0x5ed3001a97e0;  1 drivers
L_0x7ca2915b8578 .functor BUFT 1, C4<0>, C4<0>, C4<0>, C4<0>;
v0x5ed30007cdb0_0 .net *"_ivl_14", 0 0, L_0x7ca2915b8578;  1 drivers
L_0x7ca2915b85c0 .functor BUFT 1, C4<00010000000000000000000000000000>, C4<0>, C4<0>, C4<0>;
v0x5ed30007c600_0 .net/2u *"_ivl_16", 31 0, L_0x7ca2915b85c0;  1 drivers
L_0x7ca2915b8608 .functor BUFT 1, C4<00000000000000000000000000000000>, C4<0>, C4<0>, C4<0>;
v0x5ed30007ba70_0 .net/2u *"_ivl_18", 31 0, L_0x7ca2915b8608;  1 drivers
v0x5ed30007b380_0 .net *"_ivl_20", 31 0, L_0x5ed3001a99c0;  1 drivers
v0x5ed30007a890_0 .net *"_ivl_6", 31 0, L_0x5ed3001a9500;  1 drivers
v0x5ed300079800_0 .net "b", 31 0, L_0x5ed3001a92b0;  1 drivers
v0x5ed300059060_0 .net "ix", 31 0, L_0x5ed3001b3580;  alias, 1 drivers
v0x5ed300059140_0 .net "iy", 31 0, L_0x5ed3001b35f0;  alias, 1 drivers
v0x5ed300056610_0 .net "ox", 31 0, L_0x5ed3001a9610;  alias, 1 drivers
v0x5ed3000566d0_0 .net "oy", 31 0, L_0x5ed3001a95a0;  alias, 1 drivers
v0x5ed300054c00_0 .net "x_ge_b", 0 0, L_0x5ed3001a93c0;  1 drivers
L_0x5ed3001a93c0 .cmp/ge 32, L_0x5ed3001b3580, L_0x5ed3001a92b0;
L_0x5ed3001a9500 .arith/sub 32, L_0x5ed3001b3580, L_0x5ed3001a92b0;
L_0x5ed3001a9610 .functor MUXZ 32, L_0x5ed3001b3580, L_0x5ed3001a9500, L_0x5ed3001a93c0, C4<>;
L_0x5ed3001a97e0 .part L_0x5ed3001b35f0, 1, 31;
L_0x5ed3001a9880 .concat [ 31 1 0 0], L_0x5ed3001a97e0, L_0x7ca2915b8578;
L_0x5ed3001a99c0 .functor MUXZ 32, L_0x7ca2915b8608, L_0x7ca2915b85c0, L_0x5ed3001a93c0, C4<>;
S_0x5ed3000507a0 .scope generate, "u[2]" "u[2]" 10 41, 10 41 0, S_0x5ed3000684c0;
 .timescale 0 0;
P_0x5ed300054d40 .param/l "i" 1 10 41, +C4<010>;
S_0x5ed30004dd50 .scope generate, "slice_comb_gen" "slice_comb_gen" 10 43, 10 43 0, S_0x5ed3000507a0;
 .timescale 0 0;
v0x5ed300037af0_0 .net *"_ivl_4", 0 0, L_0x5ed3001aa6a0;  1 drivers
S_0x5ed30004c340 .scope module, "inst" "isqrt_slice_comb" 10 45, 11 1 0, S_0x5ed30004dd50;
 .timescale 0 0;
    .port_info 0 /INPUT 32 "ix";
    .port_info 1 /INPUT 32 "iy";
    .port_info 2 /OUTPUT 32 "ox";
    .port_info 3 /OUTPUT 32 "oy";
P_0x5ed3000798e0 .param/l "m" 0 11 3, C4<00000100000000000000000000000000>;
L_0x7ca2915b8650 .functor BUFT 1, C4<00000100000000000000000000000000>, C4<0>, C4<0>, C4<0>;
L_0x5ed3001a9d20 .functor OR 32, L_0x5ed3001b3770, L_0x7ca2915b8650, C4<00000000000000000000000000000000>, C4<00000000000000000000000000000000>;
L_0x5ed3001aa010 .functor OR 32, L_0x5ed3001aa2f0, L_0x5ed3001aa430, C4<00000000000000000000000000000000>, C4<00000000000000000000000000000000>;
v0x5ed300049960_0 .net/2u *"_ivl_0", 31 0, L_0x7ca2915b8650;  1 drivers
v0x5ed3000471e0_0 .net *"_ivl_10", 31 0, L_0x5ed3001aa2f0;  1 drivers
v0x5ed3000472c0_0 .net *"_ivl_12", 30 0, L_0x5ed3001aa250;  1 drivers
L_0x7ca2915b8698 .functor BUFT 1, C4<0>, C4<0>, C4<0>, C4<0>;
v0x5ed300044790_0 .net *"_ivl_14", 0 0, L_0x7ca2915b8698;  1 drivers
L_0x7ca2915b86e0 .functor BUFT 1, C4<00000100000000000000000000000000>, C4<0>, C4<0>, C4<0>;
v0x5ed300044870_0 .net/2u *"_ivl_16", 31 0, L_0x7ca2915b86e0;  1 drivers
L_0x7ca2915b8728 .functor BUFT 1, C4<00000000000000000000000000000000>, C4<0>, C4<0>, C4<0>;
v0x5ed300042cf0_0 .net/2u *"_ivl_18", 31 0, L_0x7ca2915b8728;  1 drivers
v0x5ed300042db0_0 .net *"_ivl_20", 31 0, L_0x5ed3001aa430;  1 drivers
v0x5ed3000402a0_0 .net *"_ivl_6", 31 0, L_0x5ed3001a9f70;  1 drivers
v0x5ed300040380_0 .net "b", 31 0, L_0x5ed3001a9d20;  1 drivers
v0x5ed30003e890_0 .net "ix", 31 0, L_0x5ed3001b3700;  alias, 1 drivers
v0x5ed30003e950_0 .net "iy", 31 0, L_0x5ed3001b3770;  alias, 1 drivers
v0x5ed30003be40_0 .net "ox", 31 0, L_0x5ed3001aa080;  alias, 1 drivers
v0x5ed30003bf20_0 .net "oy", 31 0, L_0x5ed3001aa010;  alias, 1 drivers
v0x5ed30003a430_0 .net "x_ge_b", 0 0, L_0x5ed3001a9e30;  1 drivers
L_0x5ed3001a9e30 .cmp/ge 32, L_0x5ed3001b3700, L_0x5ed3001a9d20;
L_0x5ed3001a9f70 .arith/sub 32, L_0x5ed3001b3700, L_0x5ed3001a9d20;
L_0x5ed3001aa080 .functor MUXZ 32, L_0x5ed3001b3700, L_0x5ed3001a9f70, L_0x5ed3001a9e30, C4<>;
L_0x5ed3001aa250 .part L_0x5ed3001b3770, 1, 31;
L_0x5ed3001aa2f0 .concat [ 31 1 0 0], L_0x5ed3001aa250, L_0x7ca2915b8698;
L_0x5ed3001aa430 .functor MUXZ 32, L_0x7ca2915b8728, L_0x7ca2915b86e0, L_0x5ed3001a9e30, C4<>;
S_0x5ed300036080 .scope generate, "u[3]" "u[3]" 10 41, 10 41 0, S_0x5ed3000684c0;
 .timescale 0 0;
P_0x5ed300049a40 .param/l "i" 1 10 41, +C4<011>;
S_0x5ed300033740 .scope generate, "slice_comb_gen" "slice_comb_gen" 10 43, 10 43 0, S_0x5ed300036080;
 .timescale 0 0;
v0x5ed30008cd00_0 .net *"_ivl_4", 0 0, L_0x5ed3001ab0c0;  1 drivers
S_0x5ed30002ce10 .scope module, "inst" "isqrt_slice_comb" 10 45, 11 1 0, S_0x5ed300033740;
 .timescale 0 0;
    .port_info 0 /INPUT 32 "ix";
    .port_info 1 /INPUT 32 "iy";
    .port_info 2 /OUTPUT 32 "ox";
    .port_info 3 /OUTPUT 32 "oy";
P_0x5ed30007a1c0 .param/l "m" 0 11 3, C4<00000001000000000000000000000000>;
L_0x7ca2915b8770 .functor BUFT 1, C4<00000001000000000000000000000000>, C4<0>, C4<0>, C4<0>;
L_0x5ed3001aa740 .functor OR 32, L_0x5ed3001b3ac0, L_0x7ca2915b8770, C4<00000000000000000000000000000000>, C4<00000000000000000000000000000000>;
L_0x5ed3001aaa30 .functor OR 32, L_0x5ed3001aad10, L_0x5ed3001aae50, C4<00000000000000000000000000000000>, C4<00000000000000000000000000000000>;
v0x5ed30007a2d0_0 .net/2u *"_ivl_0", 31 0, L_0x7ca2915b8770;  1 drivers
v0x5ed3000d3be0_0 .net *"_ivl_10", 31 0, L_0x5ed3001aad10;  1 drivers
v0x5ed3000d3cc0_0 .net *"_ivl_12", 30 0, L_0x5ed3001aac70;  1 drivers
L_0x7ca2915b87b8 .functor BUFT 1, C4<0>, C4<0>, C4<0>, C4<0>;
v0x5ed3000d3d80_0 .net *"_ivl_14", 0 0, L_0x7ca2915b87b8;  1 drivers
L_0x7ca2915b8800 .functor BUFT 1, C4<00000001000000000000000000000000>, C4<0>, C4<0>, C4<0>;
v0x5ed30012d690_0 .net/2u *"_ivl_16", 31 0, L_0x7ca2915b8800;  1 drivers
L_0x7ca2915b8848 .functor BUFT 1, C4<00000000000000000000000000000000>, C4<0>, C4<0>, C4<0>;
v0x5ed30012d7a0_0 .net/2u *"_ivl_18", 31 0, L_0x7ca2915b8848;  1 drivers
v0x5ed30013ffb0_0 .net *"_ivl_20", 31 0, L_0x5ed3001aae50;  1 drivers
v0x5ed300140090_0 .net *"_ivl_6", 31 0, L_0x5ed3001aa990;  1 drivers
v0x5ed300140170_0 .net "b", 31 0, L_0x5ed3001aa740;  1 drivers
v0x5ed3000e6500_0 .net "ix", 31 0, L_0x5ed3001b3a50;  alias, 1 drivers
v0x5ed3000e65e0_0 .net "iy", 31 0, L_0x5ed3001b3ac0;  alias, 1 drivers
v0x5ed3000e66c0_0 .net "ox", 31 0, L_0x5ed3001aaaa0;  alias, 1 drivers
v0x5ed30008cae0_0 .net "oy", 31 0, L_0x5ed3001aaa30;  alias, 1 drivers
v0x5ed30008cbc0_0 .net "x_ge_b", 0 0, L_0x5ed3001aa850;  1 drivers
L_0x5ed3001aa850 .cmp/ge 32, L_0x5ed3001b3a50, L_0x5ed3001aa740;
L_0x5ed3001aa990 .arith/sub 32, L_0x5ed3001b3a50, L_0x5ed3001aa740;
L_0x5ed3001aaaa0 .functor MUXZ 32, L_0x5ed3001b3a50, L_0x5ed3001aa990, L_0x5ed3001aa850, C4<>;
L_0x5ed3001aac70 .part L_0x5ed3001b3ac0, 1, 31;
L_0x5ed3001aad10 .concat [ 31 1 0 0], L_0x5ed3001aac70, L_0x7ca2915b87b8;
L_0x5ed3001aae50 .functor MUXZ 32, L_0x7ca2915b8848, L_0x7ca2915b8800, L_0x5ed3001aa850, C4<>;
S_0x5ed2fff92490 .scope generate, "u[4]" "u[4]" 10 41, 10 41 0, S_0x5ed3000684c0;
 .timescale 0 0;
P_0x5ed3000e67a0 .param/l "i" 1 10 41, +C4<0100>;
S_0x5ed2fff926d0 .scope generate, "slice_reg_gen" "slice_reg_gen" 10 43, 10 43 0, S_0x5ed2fff92490;
 .timescale 0 0;
S_0x5ed2fff945a0 .scope module, "inst" "isqrt_slice_reg" 10 57, 12 1 0, S_0x5ed2fff926d0;
 .timescale 0 0;
    .port_info 0 /INPUT 1 "clk";
    .port_info 1 /INPUT 1 "rst";
    .port_info 2 /INPUT 1 "ivld";
    .port_info 3 /INPUT 32 "ix";
    .port_info 4 /INPUT 32 "iy";
    .port_info 5 /OUTPUT 1 "ovld";
    .port_info 6 /OUTPUT 32 "ox";
    .port_info 7 /OUTPUT 32 "oy";
P_0x5ed2fff947a0 .param/l "m" 0 12 3, C4<00000000010000000000000000000000>;
v0x5ed2fff82b70_0 .net "clk", 0 0, v0x5ed300189950_0;  alias, 1 drivers
v0x5ed2fff82c30_0 .net "cox", 31 0, L_0x5ed3001ab4f0;  1 drivers
v0x5ed2fff82cf0_0 .net "coy", 31 0, L_0x5ed3001ab3f0;  1 drivers
v0x5ed2fff8b440_0 .net "ivld", 0 0, L_0x5ed3001abac0;  1 drivers
v0x5ed2fff8b4e0_0 .net "ix", 31 0, L_0x5ed3001b3bc0;  alias, 1 drivers
v0x5ed2fff8b580_0 .net "iy", 31 0, L_0x5ed3001b3c30;  alias, 1 drivers
v0x5ed2fff8b650_0 .var "ovld", 0 0;
v0x5ed2fff8b6f0_0 .var "ox", 31 0;
v0x5ed2fff8b7d0_0 .var "oy", 31 0;
v0x5ed2fff8e550_0 .net "rst", 0 0, v0x5ed300189fa0_0;  alias, 1 drivers
S_0x5ed2fffafd10 .scope module, "inst" "isqrt_slice_comb" 12 20, 11 1 0, S_0x5ed2fff945a0;
 .timescale 0 0;
    .port_info 0 /INPUT 32 "ix";
    .port_info 1 /INPUT 32 "iy";
    .port_info 2 /OUTPUT 32 "ox";
    .port_info 3 /OUTPUT 32 "oy";
P_0x5ed2fffaff10 .param/l "m" 0 11 3, C4<00000000010000000000000000000000>;
L_0x7ca2915b8890 .functor BUFT 1, C4<00000000010000000000000000000000>, C4<0>, C4<0>, C4<0>;
L_0x5ed3001ab1f0 .functor OR 32, L_0x5ed3001b3c30, L_0x7ca2915b8890, C4<00000000000000000000000000000000>, C4<00000000000000000000000000000000>;
L_0x5ed3001ab3f0 .functor OR 32, L_0x5ed3001ab760, L_0x5ed3001ab850, C4<00000000000000000000000000000000>, C4<00000000000000000000000000000000>;
v0x5ed2fffb0050_0 .net/2u *"_ivl_0", 31 0, L_0x7ca2915b8890;  1 drivers
v0x5ed2fff94960_0 .net *"_ivl_10", 31 0, L_0x5ed3001ab760;  1 drivers
v0x5ed2fff9e780_0 .net *"_ivl_12", 30 0, L_0x5ed3001ab630;  1 drivers
L_0x7ca2915b88d8 .functor BUFT 1, C4<0>, C4<0>, C4<0>, C4<0>;
v0x5ed2fff9e850_0 .net *"_ivl_14", 0 0, L_0x7ca2915b88d8;  1 drivers
L_0x7ca2915b8920 .functor BUFT 1, C4<00000000010000000000000000000000>, C4<0>, C4<0>, C4<0>;
v0x5ed2fff9e930_0 .net/2u *"_ivl_16", 31 0, L_0x7ca2915b8920;  1 drivers
L_0x7ca2915b8968 .functor BUFT 1, C4<00000000000000000000000000000000>, C4<0>, C4<0>, C4<0>;
v0x5ed2fff9ea60_0 .net/2u *"_ivl_18", 31 0, L_0x7ca2915b8968;  1 drivers
v0x5ed2fff9eb40_0 .net *"_ivl_20", 31 0, L_0x5ed3001ab850;  1 drivers
v0x5ed2fffa0830_0 .net *"_ivl_6", 31 0, L_0x5ed3001ab350;  1 drivers
v0x5ed2fffa0910_0 .net "b", 31 0, L_0x5ed3001ab1f0;  1 drivers
v0x5ed2fffa09f0_0 .net "ix", 31 0, L_0x5ed3001b3bc0;  alias, 1 drivers
v0x5ed2fffa0ad0_0 .net "iy", 31 0, L_0x5ed3001b3c30;  alias, 1 drivers
v0x5ed2fffa0bb0_0 .net "ox", 31 0, L_0x5ed3001ab4f0;  alias, 1 drivers
v0x5ed2fff82970_0 .net "oy", 31 0, L_0x5ed3001ab3f0;  alias, 1 drivers
v0x5ed2fff82a30_0 .net "x_ge_b", 0 0, L_0x5ed3001ab260;  1 drivers
L_0x5ed3001ab260 .cmp/ge 32, L_0x5ed3001b3bc0, L_0x5ed3001ab1f0;
L_0x5ed3001ab350 .arith/sub 32, L_0x5ed3001b3bc0, L_0x5ed3001ab1f0;
L_0x5ed3001ab4f0 .functor MUXZ 32, L_0x5ed3001b3bc0, L_0x5ed3001ab350, L_0x5ed3001ab260, C4<>;
L_0x5ed3001ab630 .part L_0x5ed3001b3c30, 1, 31;
L_0x5ed3001ab760 .concat [ 31 1 0 0], L_0x5ed3001ab630, L_0x7ca2915b88d8;
L_0x5ed3001ab850 .functor MUXZ 32, L_0x7ca2915b8968, L_0x7ca2915b8920, L_0x5ed3001ab260, C4<>;
S_0x5ed2fff8e6f0 .scope generate, "u[5]" "u[5]" 10 41, 10 41 0, S_0x5ed3000684c0;
 .timescale 0 0;
P_0x5ed2fff8e8a0 .param/l "i" 1 10 41, +C4<0101>;
S_0x5ed2fff97550 .scope generate, "slice_comb_gen" "slice_comb_gen" 10 43, 10 43 0, S_0x5ed2fff8e6f0;
 .timescale 0 0;
v0x5ed2fffa8cd0_0 .net *"_ivl_4", 0 0, L_0x5ed3001ac4e0;  1 drivers
S_0x5ed2fff976e0 .scope module, "inst" "isqrt_slice_comb" 10 45, 11 1 0, S_0x5ed2fff97550;
 .timescale 0 0;
    .port_info 0 /INPUT 32 "ix";
    .port_info 1 /INPUT 32 "iy";
    .port_info 2 /OUTPUT 32 "ox";
    .port_info 3 /OUTPUT 32 "oy";
P_0x5ed2fff978e0 .param/l "m" 0 11 3, C4<00000000000100000000000000000000>;
L_0x7ca2915b89b0 .functor BUFT 1, C4<00000000000100000000000000000000>, C4<0>, C4<0>, C4<0>;
L_0x5ed3001abb60 .functor OR 32, L_0x5ed3001b3e70, L_0x7ca2915b89b0, C4<00000000000000000000000000000000>, C4<00000000000000000000000000000000>;
L_0x5ed3001abe50 .functor OR 32, L_0x5ed3001ac130, L_0x5ed3001ac270, C4<00000000000000000000000000000000>, C4<00000000000000000000000000000000>;
v0x5ed2fff996e0_0 .net/2u *"_ivl_0", 31 0, L_0x7ca2915b89b0;  1 drivers
v0x5ed2fff997c0_0 .net *"_ivl_10", 31 0, L_0x5ed3001ac130;  1 drivers
v0x5ed2fff998a0_0 .net *"_ivl_12", 30 0, L_0x5ed3001ac090;  1 drivers
L_0x7ca2915b89f8 .functor BUFT 1, C4<0>, C4<0>, C4<0>, C4<0>;
v0x5ed2fff99990_0 .net *"_ivl_14", 0 0, L_0x7ca2915b89f8;  1 drivers
L_0x7ca2915b8a40 .functor BUFT 1, C4<00000000000100000000000000000000>, C4<0>, C4<0>, C4<0>;
v0x5ed2fff9cb10_0 .net/2u *"_ivl_16", 31 0, L_0x7ca2915b8a40;  1 drivers
L_0x7ca2915b8a88 .functor BUFT 1, C4<00000000000000000000000000000000>, C4<0>, C4<0>, C4<0>;
v0x5ed2fff9cc40_0 .net/2u *"_ivl_18", 31 0, L_0x7ca2915b8a88;  1 drivers
v0x5ed2fff9cd20_0 .net *"_ivl_20", 31 0, L_0x5ed3001ac270;  1 drivers
v0x5ed2fff9ce00_0 .net *"_ivl_6", 31 0, L_0x5ed3001abdb0;  1 drivers
v0x5ed2fff9cee0_0 .net "b", 31 0, L_0x5ed3001abb60;  1 drivers
v0x5ed2fff81b00_0 .net "ix", 31 0, L_0x5ed3001b3e00;  alias, 1 drivers
v0x5ed2fff81be0_0 .net "iy", 31 0, L_0x5ed3001b3e70;  alias, 1 drivers
v0x5ed2fff81cc0_0 .net "ox", 31 0, L_0x5ed3001abec0;  alias, 1 drivers
v0x5ed2fff81da0_0 .net "oy", 31 0, L_0x5ed3001abe50;  alias, 1 drivers
v0x5ed2fff81e80_0 .net "x_ge_b", 0 0, L_0x5ed3001abc70;  1 drivers
L_0x5ed3001abc70 .cmp/ge 32, L_0x5ed3001b3e00, L_0x5ed3001abb60;
L_0x5ed3001abdb0 .arith/sub 32, L_0x5ed3001b3e00, L_0x5ed3001abb60;
L_0x5ed3001abec0 .functor MUXZ 32, L_0x5ed3001b3e00, L_0x5ed3001abdb0, L_0x5ed3001abc70, C4<>;
L_0x5ed3001ac090 .part L_0x5ed3001b3e70, 1, 31;
L_0x5ed3001ac130 .concat [ 31 1 0 0], L_0x5ed3001ac090, L_0x7ca2915b89f8;
L_0x5ed3001ac270 .functor MUXZ 32, L_0x7ca2915b8a88, L_0x7ca2915b8a40, L_0x5ed3001abc70, C4<>;
S_0x5ed2fffa8dd0 .scope generate, "u[6]" "u[6]" 10 41, 10 41 0, S_0x5ed3000684c0;
 .timescale 0 0;
P_0x5ed2fffa8f80 .param/l "i" 1 10 41, +C4<0110>;
S_0x5ed3001554f0 .scope generate, "slice_comb_gen" "slice_comb_gen" 10 43, 10 43 0, S_0x5ed2fffa8dd0;
 .timescale 0 0;
v0x5ed3001566d0_0 .net *"_ivl_4", 0 0, L_0x5ed3001acf40;  1 drivers
S_0x5ed300155680 .scope module, "inst" "isqrt_slice_comb" 10 45, 11 1 0, S_0x5ed3001554f0;
 .timescale 0 0;
    .port_info 0 /INPUT 32 "ix";
    .port_info 1 /INPUT 32 "iy";
    .port_info 2 /OUTPUT 32 "ox";
    .port_info 3 /OUTPUT 32 "oy";
P_0x5ed300155810 .param/l "m" 0 11 3, C4<00000000000001000000000000000000>;
L_0x7ca2915b8ad0 .functor BUFT 1, C4<00000000000001000000000000000000>, C4<0>, C4<0>, C4<0>;
L_0x5ed3001ac5c0 .functor OR 32, L_0x5ed3001b4080, L_0x7ca2915b8ad0, C4<00000000000000000000000000000000>, C4<00000000000000000000000000000000>;
L_0x5ed3001ac8b0 .functor OR 32, L_0x5ed3001acb90, L_0x5ed3001accd0, C4<00000000000000000000000000000000>, C4<00000000000000000000000000000000>;
v0x5ed3001559b0_0 .net/2u *"_ivl_0", 31 0, L_0x7ca2915b8ad0;  1 drivers
v0x5ed300155ab0_0 .net *"_ivl_10", 31 0, L_0x5ed3001acb90;  1 drivers
v0x5ed300155b90_0 .net *"_ivl_12", 30 0, L_0x5ed3001acaf0;  1 drivers
L_0x7ca2915b8b18 .functor BUFT 1, C4<0>, C4<0>, C4<0>, C4<0>;
v0x5ed300155c80_0 .net *"_ivl_14", 0 0, L_0x7ca2915b8b18;  1 drivers
L_0x7ca2915b8b60 .functor BUFT 1, C4<00000000000001000000000000000000>, C4<0>, C4<0>, C4<0>;
v0x5ed300155d60_0 .net/2u *"_ivl_16", 31 0, L_0x7ca2915b8b60;  1 drivers
L_0x7ca2915b8ba8 .functor BUFT 1, C4<00000000000000000000000000000000>, C4<0>, C4<0>, C4<0>;
v0x5ed300155e90_0 .net/2u *"_ivl_18", 31 0, L_0x7ca2915b8ba8;  1 drivers
v0x5ed300155f70_0 .net *"_ivl_20", 31 0, L_0x5ed3001accd0;  1 drivers
v0x5ed300156050_0 .net *"_ivl_6", 31 0, L_0x5ed3001ac810;  1 drivers
v0x5ed300156130_0 .net "b", 31 0, L_0x5ed3001ac5c0;  1 drivers
v0x5ed300156210_0 .net "ix", 31 0, L_0x5ed3001b4010;  alias, 1 drivers
v0x5ed3001562f0_0 .net "iy", 31 0, L_0x5ed3001b4080;  alias, 1 drivers
v0x5ed3001563d0_0 .net "ox", 31 0, L_0x5ed3001ac920;  alias, 1 drivers
v0x5ed3001564b0_0 .net "oy", 31 0, L_0x5ed3001ac8b0;  alias, 1 drivers
v0x5ed300156590_0 .net "x_ge_b", 0 0, L_0x5ed3001ac6d0;  1 drivers
L_0x5ed3001ac6d0 .cmp/ge 32, L_0x5ed3001b4010, L_0x5ed3001ac5c0;
L_0x5ed3001ac810 .arith/sub 32, L_0x5ed3001b4010, L_0x5ed3001ac5c0;
L_0x5ed3001ac920 .functor MUXZ 32, L_0x5ed3001b4010, L_0x5ed3001ac810, L_0x5ed3001ac6d0, C4<>;
L_0x5ed3001acaf0 .part L_0x5ed3001b4080, 1, 31;
L_0x5ed3001acb90 .concat [ 31 1 0 0], L_0x5ed3001acaf0, L_0x7ca2915b8b18;
L_0x5ed3001accd0 .functor MUXZ 32, L_0x7ca2915b8ba8, L_0x7ca2915b8b60, L_0x5ed3001ac6d0, C4<>;
S_0x5ed3001567d0 .scope generate, "u[7]" "u[7]" 10 41, 10 41 0, S_0x5ed3000684c0;
 .timescale 0 0;
P_0x5ed300156980 .param/l "i" 1 10 41, +C4<0111>;
S_0x5ed300156a60 .scope generate, "slice_comb_gen" "slice_comb_gen" 10 43, 10 43 0, S_0x5ed3001567d0;
 .timescale 0 0;
v0x5ed300157d30_0 .net *"_ivl_4", 0 0, L_0x5ed3001ad960;  1 drivers
S_0x5ed300156c40 .scope module, "inst" "isqrt_slice_comb" 10 45, 11 1 0, S_0x5ed300156a60;
 .timescale 0 0;
    .port_info 0 /INPUT 32 "ix";
    .port_info 1 /INPUT 32 "iy";
    .port_info 2 /OUTPUT 32 "ox";
    .port_info 3 /OUTPUT 32 "oy";
P_0x5ed300156e40 .param/l "m" 0 11 3, C4<00000000000000010000000000000000>;
L_0x7ca2915b8bf0 .functor BUFT 1, C4<00000000000000010000000000000000>, C4<0>, C4<0>, C4<0>;
L_0x5ed3001acfe0 .functor OR 32, L_0x5ed3001b4360, L_0x7ca2915b8bf0, C4<00000000000000000000000000000000>, C4<00000000000000000000000000000000>;
L_0x5ed3001ad2d0 .functor OR 32, L_0x5ed3001ad5b0, L_0x5ed3001ad6f0, C4<00000000000000000000000000000000>, C4<00000000000000000000000000000000>;
v0x5ed300157010_0 .net/2u *"_ivl_0", 31 0, L_0x7ca2915b8bf0;  1 drivers
v0x5ed300157110_0 .net *"_ivl_10", 31 0, L_0x5ed3001ad5b0;  1 drivers
v0x5ed3001571f0_0 .net *"_ivl_12", 30 0, L_0x5ed3001ad510;  1 drivers
L_0x7ca2915b8c38 .functor BUFT 1, C4<0>, C4<0>, C4<0>, C4<0>;
v0x5ed3001572e0_0 .net *"_ivl_14", 0 0, L_0x7ca2915b8c38;  1 drivers
L_0x7ca2915b8c80 .functor BUFT 1, C4<00000000000000010000000000000000>, C4<0>, C4<0>, C4<0>;
v0x5ed3001573c0_0 .net/2u *"_ivl_16", 31 0, L_0x7ca2915b8c80;  1 drivers
L_0x7ca2915b8cc8 .functor BUFT 1, C4<00000000000000000000000000000000>, C4<0>, C4<0>, C4<0>;
v0x5ed3001574f0_0 .net/2u *"_ivl_18", 31 0, L_0x7ca2915b8cc8;  1 drivers
v0x5ed3001575d0_0 .net *"_ivl_20", 31 0, L_0x5ed3001ad6f0;  1 drivers
v0x5ed3001576b0_0 .net *"_ivl_6", 31 0, L_0x5ed3001ad230;  1 drivers
v0x5ed300157790_0 .net "b", 31 0, L_0x5ed3001acfe0;  1 drivers
v0x5ed300157870_0 .net "ix", 31 0, L_0x5ed3001b42f0;  alias, 1 drivers
v0x5ed300157950_0 .net "iy", 31 0, L_0x5ed3001b4360;  alias, 1 drivers
v0x5ed300157a30_0 .net "ox", 31 0, L_0x5ed3001ad340;  alias, 1 drivers
v0x5ed300157b10_0 .net "oy", 31 0, L_0x5ed3001ad2d0;  alias, 1 drivers
v0x5ed300157bf0_0 .net "x_ge_b", 0 0, L_0x5ed3001ad0f0;  1 drivers
L_0x5ed3001ad0f0 .cmp/ge 32, L_0x5ed3001b42f0, L_0x5ed3001acfe0;
L_0x5ed3001ad230 .arith/sub 32, L_0x5ed3001b42f0, L_0x5ed3001acfe0;
L_0x5ed3001ad340 .functor MUXZ 32, L_0x5ed3001b42f0, L_0x5ed3001ad230, L_0x5ed3001ad0f0, C4<>;
L_0x5ed3001ad510 .part L_0x5ed3001b4360, 1, 31;
L_0x5ed3001ad5b0 .concat [ 31 1 0 0], L_0x5ed3001ad510, L_0x7ca2915b8c38;
L_0x5ed3001ad6f0 .functor MUXZ 32, L_0x7ca2915b8cc8, L_0x7ca2915b8c80, L_0x5ed3001ad0f0, C4<>;
S_0x5ed300157e30 .scope generate, "u[8]" "u[8]" 10 41, 10 41 0, S_0x5ed3000684c0;
 .timescale 0 0;
P_0x5ed300140250 .param/l "i" 1 10 41, +C4<01000>;
S_0x5ed300158100 .scope generate, "slice_comb_gen" "slice_comb_gen" 10 43, 10 43 0, S_0x5ed300157e30;
 .timescale 0 0;
v0x5ed3001593d0_0 .net *"_ivl_4", 0 0, L_0x5ed3001ae340;  1 drivers
S_0x5ed3001582e0 .scope module, "inst" "isqrt_slice_comb" 10 45, 11 1 0, S_0x5ed300158100;
 .timescale 0 0;
    .port_info 0 /INPUT 32 "ix";
    .port_info 1 /INPUT 32 "iy";
    .port_info 2 /OUTPUT 32 "ox";
    .port_info 3 /OUTPUT 32 "oy";
P_0x5ed3001584e0 .param/l "m" 0 11 3, C4<00000000000000000100000000000000>;
L_0x7ca2915b8d10 .functor BUFT 1, C4<00000000000000000100000000000000>, C4<0>, C4<0>, C4<0>;
L_0x5ed3001ada50 .functor OR 32, L_0x5ed3001b44e0, L_0x7ca2915b8d10, C4<00000000000000000000000000000000>, C4<00000000000000000000000000000000>;
L_0x5ed3001add40 .functor OR 32, L_0x5ed3001adf90, L_0x5ed3001ae0d0, C4<00000000000000000000000000000000>, C4<00000000000000000000000000000000>;
v0x5ed3001586b0_0 .net/2u *"_ivl_0", 31 0, L_0x7ca2915b8d10;  1 drivers
v0x5ed3001587b0_0 .net *"_ivl_10", 31 0, L_0x5ed3001adf90;  1 drivers
v0x5ed300158890_0 .net *"_ivl_12", 30 0, L_0x5ed3001adef0;  1 drivers
L_0x7ca2915b8d58 .functor BUFT 1, C4<0>, C4<0>, C4<0>, C4<0>;
v0x5ed300158980_0 .net *"_ivl_14", 0 0, L_0x7ca2915b8d58;  1 drivers
L_0x7ca2915b8da0 .functor BUFT 1, C4<00000000000000000100000000000000>, C4<0>, C4<0>, C4<0>;
v0x5ed300158a60_0 .net/2u *"_ivl_16", 31 0, L_0x7ca2915b8da0;  1 drivers
L_0x7ca2915b8de8 .functor BUFT 1, C4<00000000000000000000000000000000>, C4<0>, C4<0>, C4<0>;
v0x5ed300158b90_0 .net/2u *"_ivl_18", 31 0, L_0x7ca2915b8de8;  1 drivers
v0x5ed300158c70_0 .net *"_ivl_20", 31 0, L_0x5ed3001ae0d0;  1 drivers
v0x5ed300158d50_0 .net *"_ivl_6", 31 0, L_0x5ed3001adca0;  1 drivers
v0x5ed300158e30_0 .net "b", 31 0, L_0x5ed3001ada50;  1 drivers
v0x5ed300158f10_0 .net "ix", 31 0, L_0x5ed3001b4470;  alias, 1 drivers
v0x5ed300158ff0_0 .net "iy", 31 0, L_0x5ed3001b44e0;  alias, 1 drivers
v0x5ed3001590d0_0 .net "ox", 31 0, L_0x5ed3001addb0;  alias, 1 drivers
v0x5ed3001591b0_0 .net "oy", 31 0, L_0x5ed3001add40;  alias, 1 drivers
v0x5ed300159290_0 .net "x_ge_b", 0 0, L_0x5ed3001adb60;  1 drivers
L_0x5ed3001adb60 .cmp/ge 32, L_0x5ed3001b4470, L_0x5ed3001ada50;
L_0x5ed3001adca0 .arith/sub 32, L_0x5ed3001b4470, L_0x5ed3001ada50;
L_0x5ed3001addb0 .functor MUXZ 32, L_0x5ed3001b4470, L_0x5ed3001adca0, L_0x5ed3001adb60, C4<>;
L_0x5ed3001adef0 .part L_0x5ed3001b44e0, 1, 31;
L_0x5ed3001adf90 .concat [ 31 1 0 0], L_0x5ed3001adef0, L_0x7ca2915b8d58;
L_0x5ed3001ae0d0 .functor MUXZ 32, L_0x7ca2915b8de8, L_0x7ca2915b8da0, L_0x5ed3001adb60, C4<>;
S_0x5ed3001594d0 .scope generate, "u[9]" "u[9]" 10 41, 10 41 0, S_0x5ed3000684c0;
 .timescale 0 0;
P_0x5ed300159680 .param/l "i" 1 10 41, +C4<01001>;
S_0x5ed300159760 .scope generate, "slice_reg_gen" "slice_reg_gen" 10 43, 10 43 0, S_0x5ed3001594d0;
 .timescale 0 0;
S_0x5ed300159940 .scope module, "inst" "isqrt_slice_reg" 10 57, 12 1 0, S_0x5ed300159760;
 .timescale 0 0;
    .port_info 0 /INPUT 1 "clk";
    .port_info 1 /INPUT 1 "rst";
    .port_info 2 /INPUT 1 "ivld";
    .port_info 3 /INPUT 32 "ix";
    .port_info 4 /INPUT 32 "iy";
    .port_info 5 /OUTPUT 1 "ovld";
    .port_info 6 /OUTPUT 32 "ox";
    .port_info 7 /OUTPUT 32 "oy";
P_0x5ed300159b40 .param/l "m" 0 12 3, C4<00000000000000000001000000000000>;
v0x5ed30015ae20_0 .net "clk", 0 0, v0x5ed300189950_0;  alias, 1 drivers
v0x5ed30015aee0_0 .net "cox", 31 0, L_0x5ed3001ae730;  1 drivers
v0x5ed30015afa0_0 .net "coy", 31 0, L_0x5ed3001ae630;  1 drivers
v0x5ed30015b0a0_0 .net "ivld", 0 0, L_0x5ed3001aed00;  1 drivers
v0x5ed30015b140_0 .net "ix", 31 0, L_0x5ed3001b4760;  alias, 1 drivers
v0x5ed30015b1e0_0 .net "iy", 31 0, L_0x5ed3001b47d0;  alias, 1 drivers
v0x5ed30015b2b0_0 .var "ovld", 0 0;
v0x5ed30015b350_0 .var "ox", 31 0;
v0x5ed30015b430_0 .var "oy", 31 0;
v0x5ed30015b5a0_0 .net "rst", 0 0, v0x5ed300189fa0_0;  alias, 1 drivers
S_0x5ed300159d90 .scope module, "inst" "isqrt_slice_comb" 12 20, 11 1 0, S_0x5ed300159940;
 .timescale 0 0;
    .port_info 0 /INPUT 32 "ix";
    .port_info 1 /INPUT 32 "iy";
    .port_info 2 /OUTPUT 32 "ox";
    .port_info 3 /OUTPUT 32 "oy";
P_0x5ed300159f90 .param/l "m" 0 11 3, C4<00000000000000000001000000000000>;
L_0x7ca2915b8e30 .functor BUFT 1, C4<00000000000000000001000000000000>, C4<0>, C4<0>, C4<0>;
L_0x5ed3001ae3e0 .functor OR 32, L_0x5ed3001b47d0, L_0x7ca2915b8e30, C4<00000000000000000000000000000000>, C4<00000000000000000000000000000000>;
L_0x5ed3001ae630 .functor OR 32, L_0x5ed3001ae9a0, L_0x5ed3001aea90, C4<00000000000000000000000000000000>, C4<00000000000000000000000000000000>;
v0x5ed30015a100_0 .net/2u *"_ivl_0", 31 0, L_0x7ca2915b8e30;  1 drivers
v0x5ed30015a200_0 .net *"_ivl_10", 31 0, L_0x5ed3001ae9a0;  1 drivers
v0x5ed30015a2e0_0 .net *"_ivl_12", 30 0, L_0x5ed3001ae870;  1 drivers
L_0x7ca2915b8e78 .functor BUFT 1, C4<0>, C4<0>, C4<0>, C4<0>;
v0x5ed30015a3d0_0 .net *"_ivl_14", 0 0, L_0x7ca2915b8e78;  1 drivers
L_0x7ca2915b8ec0 .functor BUFT 1, C4<00000000000000000001000000000000>, C4<0>, C4<0>, C4<0>;
v0x5ed30015a4b0_0 .net/2u *"_ivl_16", 31 0, L_0x7ca2915b8ec0;  1 drivers
L_0x7ca2915b8f08 .functor BUFT 1, C4<00000000000000000000000000000000>, C4<0>, C4<0>, C4<0>;
v0x5ed30015a5e0_0 .net/2u *"_ivl_18", 31 0, L_0x7ca2915b8f08;  1 drivers
v0x5ed30015a6c0_0 .net *"_ivl_20", 31 0, L_0x5ed3001aea90;  1 drivers
v0x5ed30015a7a0_0 .net *"_ivl_6", 31 0, L_0x5ed3001ae590;  1 drivers
v0x5ed30015a880_0 .net "b", 31 0, L_0x5ed3001ae3e0;  1 drivers
v0x5ed30015a960_0 .net "ix", 31 0, L_0x5ed3001b4760;  alias, 1 drivers
v0x5ed30015aa40_0 .net "iy", 31 0, L_0x5ed3001b47d0;  alias, 1 drivers
v0x5ed30015ab20_0 .net "ox", 31 0, L_0x5ed3001ae730;  alias, 1 drivers
v0x5ed30015ac00_0 .net "oy", 31 0, L_0x5ed3001ae630;  alias, 1 drivers
v0x5ed30015ace0_0 .net "x_ge_b", 0 0, L_0x5ed3001ae4a0;  1 drivers
L_0x5ed3001ae4a0 .cmp/ge 32, L_0x5ed3001b4760, L_0x5ed3001ae3e0;
L_0x5ed3001ae590 .arith/sub 32, L_0x5ed3001b4760, L_0x5ed3001ae3e0;
L_0x5ed3001ae730 .functor MUXZ 32, L_0x5ed3001b4760, L_0x5ed3001ae590, L_0x5ed3001ae4a0, C4<>;
L_0x5ed3001ae870 .part L_0x5ed3001b47d0, 1, 31;
L_0x5ed3001ae9a0 .concat [ 31 1 0 0], L_0x5ed3001ae870, L_0x7ca2915b8e78;
L_0x5ed3001aea90 .functor MUXZ 32, L_0x7ca2915b8f08, L_0x7ca2915b8ec0, L_0x5ed3001ae4a0, C4<>;
S_0x5ed30015b740 .scope generate, "u[10]" "u[10]" 10 41, 10 41 0, S_0x5ed3000684c0;
 .timescale 0 0;
P_0x5ed30015b8f0 .param/l "i" 1 10 41, +C4<01010>;
S_0x5ed30015b9d0 .scope generate, "slice_comb_gen" "slice_comb_gen" 10 43, 10 43 0, S_0x5ed30015b740;
 .timescale 0 0;
v0x5ed30015ccd0_0 .net *"_ivl_4", 0 0, L_0x5ed3001af730;  1 drivers
S_0x5ed30015bbb0 .scope module, "inst" "isqrt_slice_comb" 10 45, 11 1 0, S_0x5ed30015b9d0;
 .timescale 0 0;
    .port_info 0 /INPUT 32 "ix";
    .port_info 1 /INPUT 32 "iy";
    .port_info 2 /OUTPUT 32 "ox";
    .port_info 3 /OUTPUT 32 "oy";
P_0x5ed30015bdb0 .param/l "m" 0 11 3, C4<00000000000000000000010000000000>;
L_0x7ca2915b8f50 .functor BUFT 1, C4<00000000000000000000010000000000>, C4<0>, C4<0>, C4<0>;
L_0x5ed3001aee00 .functor OR 32, L_0x5ed3001b4950, L_0x7ca2915b8f50, C4<00000000000000000000000000000000>, C4<00000000000000000000000000000000>;
L_0x5ed3001af0a0 .functor OR 32, L_0x5ed3001af380, L_0x5ed3001af4c0, C4<00000000000000000000000000000000>, C4<00000000000000000000000000000000>;
v0x5ed30015bfb0_0 .net/2u *"_ivl_0", 31 0, L_0x7ca2915b8f50;  1 drivers
v0x5ed30015c0b0_0 .net *"_ivl_10", 31 0, L_0x5ed3001af380;  1 drivers
v0x5ed30015c190_0 .net *"_ivl_12", 30 0, L_0x5ed3001af2e0;  1 drivers
L_0x7ca2915b8f98 .functor BUFT 1, C4<0>, C4<0>, C4<0>, C4<0>;
v0x5ed30015c280_0 .net *"_ivl_14", 0 0, L_0x7ca2915b8f98;  1 drivers
L_0x7ca2915b8fe0 .functor BUFT 1, C4<00000000000000000000010000000000>, C4<0>, C4<0>, C4<0>;
v0x5ed30015c360_0 .net/2u *"_ivl_16", 31 0, L_0x7ca2915b8fe0;  1 drivers
L_0x7ca2915b9028 .functor BUFT 1, C4<00000000000000000000000000000000>, C4<0>, C4<0>, C4<0>;
v0x5ed30015c490_0 .net/2u *"_ivl_18", 31 0, L_0x7ca2915b9028;  1 drivers
v0x5ed30015c570_0 .net *"_ivl_20", 31 0, L_0x5ed3001af4c0;  1 drivers
v0x5ed30015c650_0 .net *"_ivl_6", 31 0, L_0x5ed3001af000;  1 drivers
v0x5ed30015c730_0 .net "b", 31 0, L_0x5ed3001aee00;  1 drivers
v0x5ed30015c810_0 .net "ix", 31 0, L_0x5ed3001b48e0;  alias, 1 drivers
v0x5ed30015c8f0_0 .net "iy", 31 0, L_0x5ed3001b4950;  alias, 1 drivers
v0x5ed30015c9d0_0 .net "ox", 31 0, L_0x5ed3001af110;  alias, 1 drivers
v0x5ed30015cab0_0 .net "oy", 31 0, L_0x5ed3001af0a0;  alias, 1 drivers
v0x5ed30015cb90_0 .net "x_ge_b", 0 0, L_0x5ed3001aeec0;  1 drivers
L_0x5ed3001aeec0 .cmp/ge 32, L_0x5ed3001b48e0, L_0x5ed3001aee00;
L_0x5ed3001af000 .arith/sub 32, L_0x5ed3001b48e0, L_0x5ed3001aee00;
L_0x5ed3001af110 .functor MUXZ 32, L_0x5ed3001b48e0, L_0x5ed3001af000, L_0x5ed3001aeec0, C4<>;
L_0x5ed3001af2e0 .part L_0x5ed3001b4950, 1, 31;
L_0x5ed3001af380 .concat [ 31 1 0 0], L_0x5ed3001af2e0, L_0x7ca2915b8f98;
L_0x5ed3001af4c0 .functor MUXZ 32, L_0x7ca2915b9028, L_0x7ca2915b8fe0, L_0x5ed3001aeec0, C4<>;
S_0x5ed30015cdd0 .scope generate, "u[11]" "u[11]" 10 41, 10 41 0, S_0x5ed3000684c0;
 .timescale 0 0;
P_0x5ed30015cf80 .param/l "i" 1 10 41, +C4<01011>;
S_0x5ed30015d060 .scope generate, "slice_comb_gen" "slice_comb_gen" 10 43, 10 43 0, S_0x5ed30015cdd0;
 .timescale 0 0;
v0x5ed30015e330_0 .net *"_ivl_4", 0 0, L_0x5ed3001b0150;  1 drivers
S_0x5ed30015d240 .scope module, "inst" "isqrt_slice_comb" 10 45, 11 1 0, S_0x5ed30015d060;
 .timescale 0 0;
    .port_info 0 /INPUT 32 "ix";
    .port_info 1 /INPUT 32 "iy";
    .port_info 2 /OUTPUT 32 "ox";
    .port_info 3 /OUTPUT 32 "oy";
P_0x5ed30015d440 .param/l "m" 0 11 3, C4<00000000000000000000000100000000>;
L_0x7ca2915b9070 .functor BUFT 1, C4<00000000000000000000000100000000>, C4<0>, C4<0>, C4<0>;
L_0x5ed3001af7d0 .functor OR 32, L_0x5ed3001b4c50, L_0x7ca2915b9070, C4<00000000000000000000000000000000>, C4<00000000000000000000000000000000>;
L_0x5ed3001afac0 .functor OR 32, L_0x5ed3001afda0, L_0x5ed3001afee0, C4<00000000000000000000000000000000>, C4<00000000000000000000000000000000>;
v0x5ed30015d610_0 .net/2u *"_ivl_0", 31 0, L_0x7ca2915b9070;  1 drivers
v0x5ed30015d710_0 .net *"_ivl_10", 31 0, L_0x5ed3001afda0;  1 drivers
v0x5ed30015d7f0_0 .net *"_ivl_12", 30 0, L_0x5ed3001afd00;  1 drivers
L_0x7ca2915b90b8 .functor BUFT 1, C4<0>, C4<0>, C4<0>, C4<0>;
v0x5ed30015d8e0_0 .net *"_ivl_14", 0 0, L_0x7ca2915b90b8;  1 drivers
L_0x7ca2915b9100 .functor BUFT 1, C4<00000000000000000000000100000000>, C4<0>, C4<0>, C4<0>;
v0x5ed30015d9c0_0 .net/2u *"_ivl_16", 31 0, L_0x7ca2915b9100;  1 drivers
L_0x7ca2915b9148 .functor BUFT 1, C4<00000000000000000000000000000000>, C4<0>, C4<0>, C4<0>;
v0x5ed30015daf0_0 .net/2u *"_ivl_18", 31 0, L_0x7ca2915b9148;  1 drivers
v0x5ed30015dbd0_0 .net *"_ivl_20", 31 0, L_0x5ed3001afee0;  1 drivers
v0x5ed30015dcb0_0 .net *"_ivl_6", 31 0, L_0x5ed3001afa20;  1 drivers
v0x5ed30015dd90_0 .net "b", 31 0, L_0x5ed3001af7d0;  1 drivers
v0x5ed30015de70_0 .net "ix", 31 0, L_0x5ed3001b4be0;  alias, 1 drivers
v0x5ed30015df50_0 .net "iy", 31 0, L_0x5ed3001b4c50;  alias, 1 drivers
v0x5ed30015e030_0 .net "ox", 31 0, L_0x5ed3001afb30;  alias, 1 drivers
v0x5ed30015e110_0 .net "oy", 31 0, L_0x5ed3001afac0;  alias, 1 drivers
v0x5ed30015e1f0_0 .net "x_ge_b", 0 0, L_0x5ed3001af8e0;  1 drivers
L_0x5ed3001af8e0 .cmp/ge 32, L_0x5ed3001b4be0, L_0x5ed3001af7d0;
L_0x5ed3001afa20 .arith/sub 32, L_0x5ed3001b4be0, L_0x5ed3001af7d0;
L_0x5ed3001afb30 .functor MUXZ 32, L_0x5ed3001b4be0, L_0x5ed3001afa20, L_0x5ed3001af8e0, C4<>;
L_0x5ed3001afd00 .part L_0x5ed3001b4c50, 1, 31;
L_0x5ed3001afda0 .concat [ 31 1 0 0], L_0x5ed3001afd00, L_0x7ca2915b90b8;
L_0x5ed3001afee0 .functor MUXZ 32, L_0x7ca2915b9148, L_0x7ca2915b9100, L_0x5ed3001af8e0, C4<>;
S_0x5ed30015e430 .scope generate, "u[12]" "u[12]" 10 41, 10 41 0, S_0x5ed3000684c0;
 .timescale 0 0;
P_0x5ed30015e5e0 .param/l "i" 1 10 41, +C4<01100>;
S_0x5ed30015e6c0 .scope generate, "slice_comb_gen" "slice_comb_gen" 10 43, 10 43 0, S_0x5ed30015e430;
 .timescale 0 0;
v0x5ed30015f990_0 .net *"_ivl_4", 0 0, L_0x5ed3001b0be0;  1 drivers
S_0x5ed30015e8a0 .scope module, "inst" "isqrt_slice_comb" 10 45, 11 1 0, S_0x5ed30015e6c0;
 .timescale 0 0;
    .port_info 0 /INPUT 32 "ix";
    .port_info 1 /INPUT 32 "iy";
    .port_info 2 /OUTPUT 32 "ox";
    .port_info 3 /OUTPUT 32 "oy";
P_0x5ed30015eaa0 .param/l "m" 0 11 3, C4<00000000000000000000000001000000>;
L_0x7ca2915b9190 .functor BUFT 1, C4<00000000000000000000000001000000>, C4<0>, C4<0>, C4<0>;
L_0x5ed3001b0260 .functor OR 32, L_0x5ed3001b4e60, L_0x7ca2915b9190, C4<00000000000000000000000000000000>, C4<00000000000000000000000000000000>;
L_0x5ed3001b0550 .functor OR 32, L_0x5ed3001b0830, L_0x5ed3001b0970, C4<00000000000000000000000000000000>, C4<00000000000000000000000000000000>;
v0x5ed30015ec70_0 .net/2u *"_ivl_0", 31 0, L_0x7ca2915b9190;  1 drivers
v0x5ed30015ed70_0 .net *"_ivl_10", 31 0, L_0x5ed3001b0830;  1 drivers
v0x5ed30015ee50_0 .net *"_ivl_12", 30 0, L_0x5ed3001b0790;  1 drivers
L_0x7ca2915b91d8 .functor BUFT 1, C4<0>, C4<0>, C4<0>, C4<0>;
v0x5ed30015ef40_0 .net *"_ivl_14", 0 0, L_0x7ca2915b91d8;  1 drivers
L_0x7ca2915b9220 .functor BUFT 1, C4<00000000000000000000000001000000>, C4<0>, C4<0>, C4<0>;
v0x5ed30015f020_0 .net/2u *"_ivl_16", 31 0, L_0x7ca2915b9220;  1 drivers
L_0x7ca2915b9268 .functor BUFT 1, C4<00000000000000000000000000000000>, C4<0>, C4<0>, C4<0>;
v0x5ed30015f150_0 .net/2u *"_ivl_18", 31 0, L_0x7ca2915b9268;  1 drivers
v0x5ed30015f230_0 .net *"_ivl_20", 31 0, L_0x5ed3001b0970;  1 drivers
v0x5ed30015f310_0 .net *"_ivl_6", 31 0, L_0x5ed3001b04b0;  1 drivers
v0x5ed30015f3f0_0 .net "b", 31 0, L_0x5ed3001b0260;  1 drivers
v0x5ed30015f4d0_0 .net "ix", 31 0, L_0x5ed3001b4df0;  alias, 1 drivers
v0x5ed30015f5b0_0 .net "iy", 31 0, L_0x5ed3001b4e60;  alias, 1 drivers
v0x5ed30015f690_0 .net "ox", 31 0, L_0x5ed3001b05c0;  alias, 1 drivers
v0x5ed30015f770_0 .net "oy", 31 0, L_0x5ed3001b0550;  alias, 1 drivers
v0x5ed30015f850_0 .net "x_ge_b", 0 0, L_0x5ed3001b0370;  1 drivers
L_0x5ed3001b0370 .cmp/ge 32, L_0x5ed3001b4df0, L_0x5ed3001b0260;
L_0x5ed3001b04b0 .arith/sub 32, L_0x5ed3001b4df0, L_0x5ed3001b0260;
L_0x5ed3001b05c0 .functor MUXZ 32, L_0x5ed3001b4df0, L_0x5ed3001b04b0, L_0x5ed3001b0370, C4<>;
L_0x5ed3001b0790 .part L_0x5ed3001b4e60, 1, 31;
L_0x5ed3001b0830 .concat [ 31 1 0 0], L_0x5ed3001b0790, L_0x7ca2915b91d8;
L_0x5ed3001b0970 .functor MUXZ 32, L_0x7ca2915b9268, L_0x7ca2915b9220, L_0x5ed3001b0370, C4<>;
S_0x5ed30015fa90 .scope generate, "u[13]" "u[13]" 10 41, 10 41 0, S_0x5ed3000684c0;
 .timescale 0 0;
P_0x5ed30015fc40 .param/l "i" 1 10 41, +C4<01101>;
S_0x5ed30015fd20 .scope generate, "slice_comb_gen" "slice_comb_gen" 10 43, 10 43 0, S_0x5ed30015fa90;
 .timescale 0 0;
v0x5ed300160ff0_0 .net *"_ivl_4", 0 0, L_0x5ed3001b1600;  1 drivers
S_0x5ed30015ff00 .scope module, "inst" "isqrt_slice_comb" 10 45, 11 1 0, S_0x5ed30015fd20;
 .timescale 0 0;
    .port_info 0 /INPUT 32 "ix";
    .port_info 1 /INPUT 32 "iy";
    .port_info 2 /OUTPUT 32 "ox";
    .port_info 3 /OUTPUT 32 "oy";
P_0x5ed300160100 .param/l "m" 0 11 3, C4<00000000000000000000000000010000>;
L_0x7ca2915b92b0 .functor BUFT 1, C4<00000000000000000000000000010000>, C4<0>, C4<0>, C4<0>;
L_0x5ed3001b0c80 .functor OR 32, L_0x5ed3001b5170, L_0x7ca2915b92b0, C4<00000000000000000000000000000000>, C4<00000000000000000000000000000000>;
L_0x5ed3001b0f70 .functor OR 32, L_0x5ed3001b1250, L_0x5ed3001b1390, C4<00000000000000000000000000000000>, C4<00000000000000000000000000000000>;
v0x5ed3001602d0_0 .net/2u *"_ivl_0", 31 0, L_0x7ca2915b92b0;  1 drivers
v0x5ed3001603d0_0 .net *"_ivl_10", 31 0, L_0x5ed3001b1250;  1 drivers
v0x5ed3001604b0_0 .net *"_ivl_12", 30 0, L_0x5ed3001b11b0;  1 drivers
L_0x7ca2915b92f8 .functor BUFT 1, C4<0>, C4<0>, C4<0>, C4<0>;
v0x5ed3001605a0_0 .net *"_ivl_14", 0 0, L_0x7ca2915b92f8;  1 drivers
L_0x7ca2915b9340 .functor BUFT 1, C4<00000000000000000000000000010000>, C4<0>, C4<0>, C4<0>;
v0x5ed300160680_0 .net/2u *"_ivl_16", 31 0, L_0x7ca2915b9340;  1 drivers
L_0x7ca2915b9388 .functor BUFT 1, C4<00000000000000000000000000000000>, C4<0>, C4<0>, C4<0>;
v0x5ed3001607b0_0 .net/2u *"_ivl_18", 31 0, L_0x7ca2915b9388;  1 drivers
v0x5ed300160890_0 .net *"_ivl_20", 31 0, L_0x5ed3001b1390;  1 drivers
v0x5ed300160970_0 .net *"_ivl_6", 31 0, L_0x5ed3001b0ed0;  1 drivers
v0x5ed300160a50_0 .net "b", 31 0, L_0x5ed3001b0c80;  1 drivers
v0x5ed300160b30_0 .net "ix", 31 0, L_0x5ed3001b5100;  alias, 1 drivers
v0x5ed300160c10_0 .net "iy", 31 0, L_0x5ed3001b5170;  alias, 1 drivers
v0x5ed300160cf0_0 .net "ox", 31 0, L_0x5ed3001b0fe0;  alias, 1 drivers
v0x5ed300160dd0_0 .net "oy", 31 0, L_0x5ed3001b0f70;  alias, 1 drivers
v0x5ed300160eb0_0 .net "x_ge_b", 0 0, L_0x5ed3001b0d90;  1 drivers
L_0x5ed3001b0d90 .cmp/ge 32, L_0x5ed3001b5100, L_0x5ed3001b0c80;
L_0x5ed3001b0ed0 .arith/sub 32, L_0x5ed3001b5100, L_0x5ed3001b0c80;
L_0x5ed3001b0fe0 .functor MUXZ 32, L_0x5ed3001b5100, L_0x5ed3001b0ed0, L_0x5ed3001b0d90, C4<>;
L_0x5ed3001b11b0 .part L_0x5ed3001b5170, 1, 31;
L_0x5ed3001b1250 .concat [ 31 1 0 0], L_0x5ed3001b11b0, L_0x7ca2915b92f8;
L_0x5ed3001b1390 .functor MUXZ 32, L_0x7ca2915b9388, L_0x7ca2915b9340, L_0x5ed3001b0d90, C4<>;
S_0x5ed3001610f0 .scope generate, "u[14]" "u[14]" 10 41, 10 41 0, S_0x5ed3000684c0;
 .timescale 0 0;
P_0x5ed3001612a0 .param/l "i" 1 10 41, +C4<01110>;
S_0x5ed300161380 .scope generate, "slice_reg_gen" "slice_reg_gen" 10 43, 10 43 0, S_0x5ed3001610f0;
 .timescale 0 0;
S_0x5ed300161560 .scope module, "inst" "isqrt_slice_reg" 10 57, 12 1 0, S_0x5ed300161380;
 .timescale 0 0;
    .port_info 0 /INPUT 1 "clk";
    .port_info 1 /INPUT 1 "rst";
    .port_info 2 /INPUT 1 "ivld";
    .port_info 3 /INPUT 32 "ix";
    .port_info 4 /INPUT 32 "iy";
    .port_info 5 /OUTPUT 1 "ovld";
    .port_info 6 /OUTPUT 32 "ox";
    .port_info 7 /OUTPUT 32 "oy";
P_0x5ed300161760 .param/l "m" 0 12 3, C4<00000000000000000000000000000100>;
v0x5ed300162a40_0 .net "clk", 0 0, v0x5ed300189950_0;  alias, 1 drivers
v0x5ed300162c10_0 .net "cox", 31 0, L_0x5ed3001b1980;  1 drivers
v0x5ed300162cd0_0 .net "coy", 31 0, L_0x5ed3001b1880;  1 drivers
v0x5ed300162dd0_0 .net "ivld", 0 0, L_0x5ed3001b2400;  1 drivers
v0x5ed300162e70_0 .net "ix", 31 0, L_0x5ed3001b5310;  alias, 1 drivers
v0x5ed300162f10_0 .net "iy", 31 0, L_0x5ed3001b5380;  alias, 1 drivers
v0x5ed300162fe0_0 .var "ovld", 0 0;
v0x5ed300163080_0 .var "ox", 31 0;
v0x5ed300163160_0 .var "oy", 31 0;
v0x5ed300163240_0 .net "rst", 0 0, v0x5ed300189fa0_0;  alias, 1 drivers
S_0x5ed3001619b0 .scope module, "inst" "isqrt_slice_comb" 12 20, 11 1 0, S_0x5ed300161560;
 .timescale 0 0;
    .port_info 0 /INPUT 32 "ix";
    .port_info 1 /INPUT 32 "iy";
    .port_info 2 /OUTPUT 32 "ox";
    .port_info 3 /OUTPUT 32 "oy";
P_0x5ed300161bb0 .param/l "m" 0 11 3, C4<00000000000000000000000000000100>;
L_0x7ca2915b93d0 .functor BUFT 1, C4<00000000000000000000000000000100>, C4<0>, C4<0>, C4<0>;
L_0x5ed3001b01f0 .functor OR 32, L_0x5ed3001b5380, L_0x7ca2915b93d0, C4<00000000000000000000000000000000>, C4<00000000000000000000000000000000>;
L_0x5ed3001b1880 .functor OR 32, L_0x5ed3001695b0, L_0x5ed300169400, C4<00000000000000000000000000000000>, C4<00000000000000000000000000000000>;
v0x5ed300161d20_0 .net/2u *"_ivl_0", 31 0, L_0x7ca2915b93d0;  1 drivers
v0x5ed300161e20_0 .net *"_ivl_10", 31 0, L_0x5ed3001695b0;  1 drivers
v0x5ed300161f00_0 .net *"_ivl_12", 30 0, L_0x5ed3001b1ac0;  1 drivers
L_0x7ca2915b9418 .functor BUFT 1, C4<0>, C4<0>, C4<0>, C4<0>;
v0x5ed300161ff0_0 .net *"_ivl_14", 0 0, L_0x7ca2915b9418;  1 drivers
L_0x7ca2915b9460 .functor BUFT 1, C4<00000000000000000000000000000100>, C4<0>, C4<0>, C4<0>;
v0x5ed3001620d0_0 .net/2u *"_ivl_16", 31 0, L_0x7ca2915b9460;  1 drivers
L_0x7ca2915b94a8 .functor BUFT 1, C4<00000000000000000000000000000000>, C4<0>, C4<0>, C4<0>;
v0x5ed300162200_0 .net/2u *"_ivl_18", 31 0, L_0x7ca2915b94a8;  1 drivers
v0x5ed3001622e0_0 .net *"_ivl_20", 31 0, L_0x5ed300169400;  1 drivers
v0x5ed3001623c0_0 .net *"_ivl_6", 31 0, L_0x5ed3001b17e0;  1 drivers
v0x5ed3001624a0_0 .net "b", 31 0, L_0x5ed3001b01f0;  1 drivers
v0x5ed300162580_0 .net "ix", 31 0, L_0x5ed3001b5310;  alias, 1 drivers
v0x5ed300162660_0 .net "iy", 31 0, L_0x5ed3001b5380;  alias, 1 drivers
v0x5ed300162740_0 .net "ox", 31 0, L_0x5ed3001b1980;  alias, 1 drivers
v0x5ed300162820_0 .net "oy", 31 0, L_0x5ed3001b1880;  alias, 1 drivers
v0x5ed300162900_0 .net "x_ge_b", 0 0, L_0x5ed3001b16f0;  1 drivers
L_0x5ed3001b16f0 .cmp/ge 32, L_0x5ed3001b5310, L_0x5ed3001b01f0;
L_0x5ed3001b17e0 .arith/sub 32, L_0x5ed3001b5310, L_0x5ed3001b01f0;
L_0x5ed3001b1980 .functor MUXZ 32, L_0x5ed3001b5310, L_0x5ed3001b17e0, L_0x5ed3001b16f0, C4<>;
L_0x5ed3001b1ac0 .part L_0x5ed3001b5380, 1, 31;
L_0x5ed3001695b0 .concat [ 31 1 0 0], L_0x5ed3001b1ac0, L_0x7ca2915b9418;
L_0x5ed300169400 .functor MUXZ 32, L_0x7ca2915b94a8, L_0x7ca2915b9460, L_0x5ed3001b16f0, C4<>;
S_0x5ed3001634f0 .scope generate, "u[15]" "u[15]" 10 41, 10 41 0, S_0x5ed3000684c0;
 .timescale 0 0;
P_0x5ed3001636a0 .param/l "i" 1 10 41, +C4<01111>;
S_0x5ed300163780 .scope generate, "slice_comb_gen" "slice_comb_gen" 10 43, 10 43 0, S_0x5ed3001634f0;
 .timescale 0 0;
v0x5ed3001649f0_0 .net *"_ivl_4", 0 0, L_0x5ed3001b30f0;  1 drivers
S_0x5ed300163960 .scope module, "inst" "isqrt_slice_comb" 10 45, 11 1 0, S_0x5ed300163780;
 .timescale 0 0;
    .port_info 0 /INPUT 32 "ix";
    .port_info 1 /INPUT 32 "iy";
    .port_info 2 /OUTPUT 32 "ox";
    .port_info 3 /OUTPUT 32 "oy";
P_0x5ed300163b60 .param/l "m" 0 11 3, C4<00000000000000000000000000000001>;
L_0x7ca2915b94f0 .functor BUFT 1, C4<00000000000000000000000000000001>, C4<0>, C4<0>, C4<0>;
L_0x5ed3001694f0 .functor OR 32, L_0x5ed3001b5820, L_0x7ca2915b94f0, C4<00000000000000000000000000000000>, C4<00000000000000000000000000000000>;
L_0x5ed30013c820 .functor OR 32, L_0x5ed3001b2800, L_0x5ed3001b2940, C4<00000000000000000000000000000000>, C4<00000000000000000000000000000000>;
v0x5ed300163cd0_0 .net/2u *"_ivl_0", 31 0, L_0x7ca2915b94f0;  1 drivers
v0x5ed300163dd0_0 .net *"_ivl_10", 31 0, L_0x5ed3001b2800;  1 drivers
v0x5ed300163eb0_0 .net *"_ivl_12", 30 0, L_0x5ed3001b2760;  1 drivers
L_0x7ca2915b9538 .functor BUFT 1, C4<0>, C4<0>, C4<0>, C4<0>;
v0x5ed300163fa0_0 .net *"_ivl_14", 0 0, L_0x7ca2915b9538;  1 drivers
L_0x7ca2915b9580 .functor BUFT 1, C4<00000000000000000000000000000001>, C4<0>, C4<0>, C4<0>;
v0x5ed300164080_0 .net/2u *"_ivl_16", 31 0, L_0x7ca2915b9580;  1 drivers
L_0x7ca2915b95c8 .functor BUFT 1, C4<00000000000000000000000000000000>, C4<0>, C4<0>, C4<0>;
v0x5ed3001641b0_0 .net/2u *"_ivl_18", 31 0, L_0x7ca2915b95c8;  1 drivers
v0x5ed300164290_0 .net *"_ivl_20", 31 0, L_0x5ed3001b2940;  1 drivers
v0x5ed300164370_0 .net *"_ivl_6", 31 0, L_0x5ed3001b2540;  1 drivers
v0x5ed300164450_0 .net "b", 31 0, L_0x5ed3001694f0;  1 drivers
v0x5ed300164530_0 .net "ix", 31 0, L_0x5ed3001b57b0;  alias, 1 drivers
v0x5ed300164610_0 .net "iy", 31 0, L_0x5ed3001b5820;  alias, 1 drivers
v0x5ed3001646f0_0 .net "ox", 31 0, L_0x5ed3001b25e0;  alias, 1 drivers
v0x5ed3001647d0_0 .net "oy", 31 0, L_0x5ed30013c820;  alias, 1 drivers
v0x5ed3001648b0_0 .net "x_ge_b", 0 0, L_0x5ed3001b24a0;  1 drivers
L_0x5ed3001b24a0 .cmp/ge 32, L_0x5ed3001b57b0, L_0x5ed3001694f0;
L_0x5ed3001b2540 .arith/sub 32, L_0x5ed3001b57b0, L_0x5ed3001694f0;
L_0x5ed3001b25e0 .functor MUXZ 32, L_0x5ed3001b57b0, L_0x5ed3001b2540, L_0x5ed3001b24a0, C4<>;
L_0x5ed3001b2760 .part L_0x5ed3001b5820, 1, 31;
L_0x5ed3001b2800 .concat [ 31 1 0 0], L_0x5ed3001b2760, L_0x7ca2915b9538;
L_0x5ed3001b2940 .functor MUXZ 32, L_0x7ca2915b95c8, L_0x7ca2915b9580, L_0x5ed3001b24a0, C4<>;
S_0x5ed300164af0 .scope generate, "v[1]" "v[1]" 10 73, 10 73 0, S_0x5ed3000684c0;
 .timescale 0 0;
P_0x5ed300164db0 .param/l "i" 1 10 73, +C4<01>;
L_0x5ed3001b3580 .functor BUFZ 32, L_0x5ed3001a8bf0, C4<00000000000000000000000000000000>, C4<00000000000000000000000000000000>, C4<00000000000000000000000000000000>;
L_0x5ed3001b35f0 .functor BUFZ 32, L_0x5ed3001a8b80, C4<00000000000000000000000000000000>, C4<00000000000000000000000000000000>, C4<00000000000000000000000000000000>;
v0x5ed300164e90_0 .net *"_ivl_0", 0 0, L_0x5ed3001b33f0;  1 drivers
S_0x5ed300164f70 .scope generate, "v[2]" "v[2]" 10 73, 10 73 0, S_0x5ed3000684c0;
 .timescale 0 0;
P_0x5ed300165170 .param/l "i" 1 10 73, +C4<010>;
L_0x5ed3001b3700 .functor BUFZ 32, L_0x5ed3001a9610, C4<00000000000000000000000000000000>, C4<00000000000000000000000000000000>, C4<00000000000000000000000000000000>;
L_0x5ed3001b3770 .functor BUFZ 32, L_0x5ed3001a95a0, C4<00000000000000000000000000000000>, C4<00000000000000000000000000000000>, C4<00000000000000000000000000000000>;
v0x5ed300165250_0 .net *"_ivl_0", 0 0, L_0x5ed3001b3660;  1 drivers
S_0x5ed300165330 .scope generate, "v[3]" "v[3]" 10 73, 10 73 0, S_0x5ed3000684c0;
 .timescale 0 0;
P_0x5ed300165530 .param/l "i" 1 10 73, +C4<011>;
L_0x5ed3001b3a50 .functor BUFZ 32, L_0x5ed3001aa080, C4<00000000000000000000000000000000>, C4<00000000000000000000000000000000>, C4<00000000000000000000000000000000>;
L_0x5ed3001b3ac0 .functor BUFZ 32, L_0x5ed3001aa010, C4<00000000000000000000000000000000>, C4<00000000000000000000000000000000>, C4<00000000000000000000000000000000>;
v0x5ed300165610_0 .net *"_ivl_0", 0 0, L_0x5ed3001b3870;  1 drivers
S_0x5ed3001656f0 .scope generate, "v[4]" "v[4]" 10 73, 10 73 0, S_0x5ed3000684c0;
 .timescale 0 0;
P_0x5ed3001658f0 .param/l "i" 1 10 73, +C4<0100>;
L_0x5ed3001b3bc0 .functor BUFZ 32, L_0x5ed3001aaaa0, C4<00000000000000000000000000000000>, C4<00000000000000000000000000000000>, C4<00000000000000000000000000000000>;
L_0x5ed3001b3c30 .functor BUFZ 32, L_0x5ed3001aaa30, C4<00000000000000000000000000000000>, C4<00000000000000000000000000000000>, C4<00000000000000000000000000000000>;
v0x5ed3001659d0_0 .net *"_ivl_0", 0 0, L_0x5ed3001b34e0;  1 drivers
S_0x5ed300165ab0 .scope generate, "v[5]" "v[5]" 10 73, 10 73 0, S_0x5ed3000684c0;
 .timescale 0 0;
P_0x5ed300165cb0 .param/l "i" 1 10 73, +C4<0101>;
L_0x5ed3001b3e00 .functor BUFZ 32, v0x5ed2fff8b6f0_0, C4<00000000000000000000000000000000>, C4<00000000000000000000000000000000>, C4<00000000000000000000000000000000>;
L_0x5ed3001b3e70 .functor BUFZ 32, v0x5ed2fff8b7d0_0, C4<00000000000000000000000000000000>, C4<00000000000000000000000000000000>, C4<00000000000000000000000000000000>;
v0x5ed300165d90_0 .net *"_ivl_0", 0 0, L_0x5ed3001b3ca0;  1 drivers
S_0x5ed300165e70 .scope generate, "v[6]" "v[6]" 10 73, 10 73 0, S_0x5ed3000684c0;
 .timescale 0 0;
P_0x5ed300166070 .param/l "i" 1 10 73, +C4<0110>;
L_0x5ed3001b4010 .functor BUFZ 32, L_0x5ed3001abec0, C4<00000000000000000000000000000000>, C4<00000000000000000000000000000000>, C4<00000000000000000000000000000000>;
L_0x5ed3001b4080 .functor BUFZ 32, L_0x5ed3001abe50, C4<00000000000000000000000000000000>, C4<00000000000000000000000000000000>, C4<00000000000000000000000000000000>;
v0x5ed300166150_0 .net *"_ivl_0", 0 0, L_0x5ed3001b3f70;  1 drivers
S_0x5ed300166230 .scope generate, "v[7]" "v[7]" 10 73, 10 73 0, S_0x5ed3000684c0;
 .timescale 0 0;
P_0x5ed300166430 .param/l "i" 1 10 73, +C4<0111>;
L_0x5ed3001b42f0 .functor BUFZ 32, L_0x5ed3001ac920, C4<00000000000000000000000000000000>, C4<00000000000000000000000000000000>, C4<00000000000000000000000000000000>;
L_0x5ed3001b4360 .functor BUFZ 32, L_0x5ed3001ac8b0, C4<00000000000000000000000000000000>, C4<00000000000000000000000000000000>, C4<00000000000000000000000000000000>;
v0x5ed300166510_0 .net *"_ivl_0", 0 0, L_0x5ed3001b4180;  1 drivers
S_0x5ed3001665f0 .scope generate, "v[8]" "v[8]" 10 73, 10 73 0, S_0x5ed3000684c0;
 .timescale 0 0;
P_0x5ed3001667f0 .param/l "i" 1 10 73, +C4<01000>;
L_0x5ed3001b4470 .functor BUFZ 32, L_0x5ed3001ad340, C4<00000000000000000000000000000000>, C4<00000000000000000000000000000000>, C4<00000000000000000000000000000000>;
L_0x5ed3001b44e0 .functor BUFZ 32, L_0x5ed3001ad2d0, C4<00000000000000000000000000000000>, C4<00000000000000000000000000000000>, C4<00000000000000000000000000000000>;
v0x5ed3001668d0_0 .net *"_ivl_0", 0 0, L_0x5ed3001b43d0;  1 drivers
S_0x5ed3001669b0 .scope generate, "v[9]" "v[9]" 10 73, 10 73 0, S_0x5ed3000684c0;
 .timescale 0 0;
P_0x5ed300166bb0 .param/l "i" 1 10 73, +C4<01001>;
L_0x5ed3001b4760 .functor BUFZ 32, L_0x5ed3001addb0, C4<00000000000000000000000000000000>, C4<00000000000000000000000000000000>, C4<00000000000000000000000000000000>;
L_0x5ed3001b47d0 .functor BUFZ 32, L_0x5ed3001add40, C4<00000000000000000000000000000000>, C4<00000000000000000000000000000000>, C4<00000000000000000000000000000000>;
v0x5ed300166c90_0 .net *"_ivl_0", 0 0, L_0x5ed3001b45e0;  1 drivers
S_0x5ed300166d70 .scope generate, "v[10]" "v[10]" 10 73, 10 73 0, S_0x5ed3000684c0;
 .timescale 0 0;
P_0x5ed300166f70 .param/l "i" 1 10 73, +C4<01010>;
L_0x5ed3001b48e0 .functor BUFZ 32, v0x5ed30015b350_0, C4<00000000000000000000000000000000>, C4<00000000000000000000000000000000>, C4<00000000000000000000000000000000>;
L_0x5ed3001b4950 .functor BUFZ 32, v0x5ed30015b430_0, C4<00000000000000000000000000000000>, C4<00000000000000000000000000000000>, C4<00000000000000000000000000000000>;
v0x5ed300167050_0 .net *"_ivl_0", 0 0, L_0x5ed3001b4840;  1 drivers
S_0x5ed300167130 .scope generate, "v[11]" "v[11]" 10 73, 10 73 0, S_0x5ed3000684c0;
 .timescale 0 0;
P_0x5ed300167330 .param/l "i" 1 10 73, +C4<01011>;
L_0x5ed3001b4be0 .functor BUFZ 32, L_0x5ed3001af110, C4<00000000000000000000000000000000>, C4<00000000000000000000000000000000>, C4<00000000000000000000000000000000>;
L_0x5ed3001b4c50 .functor BUFZ 32, L_0x5ed3001af0a0, C4<00000000000000000000000000000000>, C4<00000000000000000000000000000000>, C4<00000000000000000000000000000000>;
v0x5ed300167410_0 .net *"_ivl_0", 0 0, L_0x5ed3001b4a50;  1 drivers
S_0x5ed3001674f0 .scope generate, "v[12]" "v[12]" 10 73, 10 73 0, S_0x5ed3000684c0;
 .timescale 0 0;
P_0x5ed3001676f0 .param/l "i" 1 10 73, +C4<01100>;
L_0x5ed3001b4df0 .functor BUFZ 32, L_0x5ed3001afb30, C4<00000000000000000000000000000000>, C4<00000000000000000000000000000000>, C4<00000000000000000000000000000000>;
L_0x5ed3001b4e60 .functor BUFZ 32, L_0x5ed3001afac0, C4<00000000000000000000000000000000>, C4<00000000000000000000000000000000>, C4<00000000000000000000000000000000>;
v0x5ed3001677d0_0 .net *"_ivl_0", 0 0, L_0x5ed3001b4d50;  1 drivers
S_0x5ed3001678b0 .scope generate, "v[13]" "v[13]" 10 73, 10 73 0, S_0x5ed3000684c0;
 .timescale 0 0;
P_0x5ed300167ab0 .param/l "i" 1 10 73, +C4<01101>;
L_0x5ed3001b5100 .functor BUFZ 32, L_0x5ed3001b05c0, C4<00000000000000000000000000000000>, C4<00000000000000000000000000000000>, C4<00000000000000000000000000000000>;
L_0x5ed3001b5170 .functor BUFZ 32, L_0x5ed3001b0550, C4<00000000000000000000000000000000>, C4<00000000000000000000000000000000>, C4<00000000000000000000000000000000>;
v0x5ed300167b90_0 .net *"_ivl_0", 0 0, L_0x5ed3001b4f60;  1 drivers
S_0x5ed300167c70 .scope generate, "v[14]" "v[14]" 10 73, 10 73 0, S_0x5ed3000684c0;
 .timescale 0 0;
P_0x5ed300167e70 .param/l "i" 1 10 73, +C4<01110>;
L_0x5ed3001b5310 .functor BUFZ 32, L_0x5ed3001b0fe0, C4<00000000000000000000000000000000>, C4<00000000000000000000000000000000>, C4<00000000000000000000000000000000>;
L_0x5ed3001b5380 .functor BUFZ 32, L_0x5ed3001b0f70, C4<00000000000000000000000000000000>, C4<00000000000000000000000000000000>, C4<00000000000000000000000000000000>;
v0x5ed300167f50_0 .net *"_ivl_0", 0 0, L_0x5ed3001b5270;  1 drivers
S_0x5ed300168030 .scope generate, "v[15]" "v[15]" 10 73, 10 73 0, S_0x5ed3000684c0;
 .timescale 0 0;
P_0x5ed300168230 .param/l "i" 1 10 73, +C4<01111>;
L_0x5ed3001b57b0 .functor BUFZ 32, v0x5ed300163080_0, C4<00000000000000000000000000000000>, C4<00000000000000000000000000000000>, C4<00000000000000000000000000000000>;
L_0x5ed3001b5820 .functor BUFZ 32, v0x5ed300163160_0, C4<00000000000000000000000000000000>, C4<00000000000000000000000000000000>, C4<00000000000000000000000000000000>;
v0x5ed300168310_0 .net *"_ivl_0", 0 0, L_0x5ed3001b53f0;  1 drivers
S_0x5ed300169ab0 .scope module, "isqrt3" "isqrt" 8 106, 10 6 0, S_0x5ed3001293e0;
 .timescale 0 0;
    .port_info 0 /INPUT 1 "clk";
    .port_info 1 /INPUT 1 "rst";
    .port_info 2 /INPUT 1 "x_vld";
    .port_info 3 /INPUT 32 "x";
    .port_info 4 /OUTPUT 1 "y_vld";
    .port_info 5 /OUTPUT 16 "y";
P_0x5ed300169c90 .param/l "m" 1 10 24, C4<01000000000000000000000000000000>;
P_0x5ed300169cd0 .param/l "n_pipe_stages" 0 10 8, +C4<00000000000000000000000000000011>;
P_0x5ed300169d10 .param/l "n_slices" 1 10 21, +C4<00000000000000000000000000010000>;
P_0x5ed300169d50 .param/l "n_slices_per_stage" 1 10 22, +C4<00000000000000000000000000000101>;
L_0x5ed3001c2b90 .functor BUFZ 1, v0x5ed3001885a0_0, C4<0>, C4<0>, C4<0>;
L_0x5ed3001c2ca0 .functor BUFZ 32, v0x5ed300188190_0, C4<00000000000000000000000000000000>, C4<00000000000000000000000000000000>, C4<00000000000000000000000000000000>;
v0x5ed300185fd0_0 .net *"_ivl_98", 0 0, L_0x5ed3001c2b90;  1 drivers
v0x5ed3001860d0_0 .net "clk", 0 0, v0x5ed300189950_0;  alias, 1 drivers
v0x5ed300186190_0 .net "ivld", 15 0, L_0x5ed3001c27e0;  1 drivers
v0x5ed300186230 .array "ix", 15 0;
v0x5ed300186230_0 .net v0x5ed300186230 0, 31 0, L_0x5ed3001c2ca0; 1 drivers
v0x5ed300186230_1 .net v0x5ed300186230 1, 31 0, L_0x5ed3001c0440; 1 drivers
v0x5ed300186230_2 .net v0x5ed300186230 2, 31 0, L_0x5ed3001c05c0; 1 drivers
v0x5ed300186230_3 .net v0x5ed300186230 3, 31 0, L_0x5ed3001c0910; 1 drivers
v0x5ed300186230_4 .net v0x5ed300186230 4, 31 0, L_0x5ed3001c0a80; 1 drivers
v0x5ed300186230_5 .net v0x5ed300186230 5, 31 0, L_0x5ed3001c0cc0; 1 drivers
v0x5ed300186230_6 .net v0x5ed300186230 6, 31 0, L_0x5ed3001c0ed0; 1 drivers
v0x5ed300186230_7 .net v0x5ed300186230 7, 31 0, L_0x5ed3001c11b0; 1 drivers
v0x5ed300186230_8 .net v0x5ed300186230 8, 31 0, L_0x5ed3001c1330; 1 drivers
v0x5ed300186230_9 .net v0x5ed300186230 9, 31 0, L_0x5ed3001c1620; 1 drivers
v0x5ed300186230_10 .net v0x5ed300186230 10, 31 0, L_0x5ed3001c17a0; 1 drivers
v0x5ed300186230_11 .net v0x5ed300186230 11, 31 0, L_0x5ed3001c1aa0; 1 drivers
v0x5ed300186230_12 .net v0x5ed300186230 12, 31 0, L_0x5ed3001c1cb0; 1 drivers
v0x5ed300186230_13 .net v0x5ed300186230 13, 31 0, L_0x5ed3001c1fc0; 1 drivers
v0x5ed300186230_14 .net v0x5ed300186230 14, 31 0, L_0x5ed3001c21d0; 1 drivers
v0x5ed300186230_15 .net v0x5ed300186230 15, 31 0, L_0x5ed3001c2670; 1 drivers
L_0x7ca2915ba858 .functor BUFT 1, C4<00000000000000000000000000000000>, C4<0>, C4<0>, C4<0>;
v0x5ed3001865c0 .array "iy", 15 0;
v0x5ed3001865c0_0 .net v0x5ed3001865c0 0, 31 0, L_0x7ca2915ba858; 1 drivers
v0x5ed3001865c0_1 .net v0x5ed3001865c0 1, 31 0, L_0x5ed3001c04b0; 1 drivers
v0x5ed3001865c0_2 .net v0x5ed3001865c0 2, 31 0, L_0x5ed3001c0630; 1 drivers
v0x5ed3001865c0_3 .net v0x5ed3001865c0 3, 31 0, L_0x5ed3001c0980; 1 drivers
v0x5ed3001865c0_4 .net v0x5ed3001865c0 4, 31 0, L_0x5ed3001c0af0; 1 drivers
v0x5ed3001865c0_5 .net v0x5ed3001865c0 5, 31 0, L_0x5ed3001c0d30; 1 drivers
v0x5ed3001865c0_6 .net v0x5ed3001865c0 6, 31 0, L_0x5ed3001c0f40; 1 drivers
v0x5ed3001865c0_7 .net v0x5ed3001865c0 7, 31 0, L_0x5ed3001c1220; 1 drivers
v0x5ed3001865c0_8 .net v0x5ed3001865c0 8, 31 0, L_0x5ed3001c13a0; 1 drivers
v0x5ed3001865c0_9 .net v0x5ed3001865c0 9, 31 0, L_0x5ed3001c1690; 1 drivers
v0x5ed3001865c0_10 .net v0x5ed3001865c0 10, 31 0, L_0x5ed3001c1810; 1 drivers
v0x5ed3001865c0_11 .net v0x5ed3001865c0 11, 31 0, L_0x5ed3001c1b10; 1 drivers
v0x5ed3001865c0_12 .net v0x5ed3001865c0 12, 31 0, L_0x5ed3001c1d20; 1 drivers
v0x5ed3001865c0_13 .net v0x5ed3001865c0 13, 31 0, L_0x5ed3001c2030; 1 drivers
v0x5ed3001865c0_14 .net v0x5ed3001865c0 14, 31 0, L_0x5ed3001c2240; 1 drivers
v0x5ed3001865c0_15 .net v0x5ed3001865c0 15, 31 0, L_0x5ed3001c26e0; 1 drivers
v0x5ed3001869e0_0 .net "ovld", 15 0, L_0x5ed3001bfa30;  1 drivers
v0x5ed300186a80 .array "ox", 15 0;
v0x5ed300186a80_0 .net v0x5ed300186a80 0, 31 0, L_0x5ed3001b6540; 1 drivers
v0x5ed300186a80_1 .net v0x5ed300186a80 1, 31 0, L_0x5ed3001b6f20; 1 drivers
v0x5ed300186a80_2 .net v0x5ed300186a80 2, 31 0, L_0x5ed3001b7950; 1 drivers
v0x5ed300186a80_3 .net v0x5ed300186a80 3, 31 0, L_0x5ed3001b8370; 1 drivers
v0x5ed300186a80_4 .net v0x5ed300186a80 4, 31 0, v0x5ed3001713d0_0; 1 drivers
v0x5ed300186a80_5 .net v0x5ed300186a80 5, 31 0, L_0x5ed3001b9790; 1 drivers
v0x5ed300186a80_6 .net v0x5ed300186a80 6, 31 0, L_0x5ed3001ba1f0; 1 drivers
v0x5ed300186a80_7 .net v0x5ed300186a80 7, 31 0, L_0x5ed3001bac10; 1 drivers
v0x5ed300186a80_8 .net v0x5ed300186a80 8, 31 0, L_0x5ed3001bb680; 1 drivers
v0x5ed300186a80_9 .net v0x5ed300186a80 9, 31 0, v0x5ed300179030_0; 1 drivers
v0x5ed300186a80_10 .net v0x5ed300186a80 10, 31 0, L_0x5ed3001bc2b0; 1 drivers
v0x5ed300186a80_11 .net v0x5ed300186a80 11, 31 0, L_0x5ed3001bcc90; 1 drivers
v0x5ed300186a80_12 .net v0x5ed300186a80 12, 31 0, L_0x5ed3001bd690; 1 drivers
v0x5ed300186a80_13 .net v0x5ed300186a80 13, 31 0, L_0x5ed3001be020; 1 drivers
v0x5ed300186a80_14 .net v0x5ed300186a80 14, 31 0, v0x5ed300180c50_0; 1 drivers
v0x5ed300186a80_15 .net v0x5ed300186a80 15, 31 0, L_0x5ed3001bf410; 1 drivers
v0x5ed300186eb0 .array "oy", 15 0;
v0x5ed300186eb0_0 .net v0x5ed300186eb0 0, 31 0, L_0x5ed3001b64d0; 1 drivers
v0x5ed300186eb0_1 .net v0x5ed300186eb0 1, 31 0, L_0x5ed3001b6eb0; 1 drivers
v0x5ed300186eb0_2 .net v0x5ed300186eb0 2, 31 0, L_0x5ed3001b78e0; 1 drivers
v0x5ed300186eb0_3 .net v0x5ed300186eb0 3, 31 0, L_0x5ed3001b8300; 1 drivers
v0x5ed300186eb0_4 .net v0x5ed300186eb0 4, 31 0, v0x5ed3001714b0_0; 1 drivers
v0x5ed300186eb0_5 .net v0x5ed300186eb0 5, 31 0, L_0x5ed3001b9720; 1 drivers
v0x5ed300186eb0_6 .net v0x5ed300186eb0 6, 31 0, L_0x5ed3001ba180; 1 drivers
v0x5ed300186eb0_7 .net v0x5ed300186eb0 7, 31 0, L_0x5ed3001baba0; 1 drivers
v0x5ed300186eb0_8 .net v0x5ed300186eb0 8, 31 0, L_0x5ed3001bb610; 1 drivers
v0x5ed300186eb0_9 .net v0x5ed300186eb0 9, 31 0, v0x5ed300179110_0; 1 drivers
v0x5ed300186eb0_10 .net v0x5ed300186eb0 10, 31 0, L_0x5ed3001bc240; 1 drivers
v0x5ed300186eb0_11 .net v0x5ed300186eb0 11, 31 0, L_0x5ed3001bcc20; 1 drivers
v0x5ed300186eb0_12 .net v0x5ed300186eb0 12, 31 0, L_0x5ed3001bd620; 1 drivers
v0x5ed300186eb0_13 .net v0x5ed300186eb0 13, 31 0, L_0x5ed3001bdfb0; 1 drivers
v0x5ed300186eb0_14 .net v0x5ed300186eb0 14, 31 0, v0x5ed300180d30_0; 1 drivers
v0x5ed300186eb0_15 .net v0x5ed300186eb0 15, 31 0, L_0x5ed3001bf3a0; 1 drivers
v0x5ed3001872e0_0 .net "rst", 0 0, v0x5ed300189fa0_0;  alias, 1 drivers
v0x5ed300187410_0 .net "x", 31 0, v0x5ed300188190_0;  1 drivers
v0x5ed3001874b0_0 .net "x_vld", 0 0, v0x5ed3001885a0_0;  1 drivers
v0x5ed300187550_0 .net "y", 15 0, L_0x5ed3001c2fb0;  1 drivers
v0x5ed3001875f0_0 .net "y_vld", 0 0, L_0x5ed3001c2df0;  alias, 1 drivers
L_0x5ed3001b6b20 .part L_0x5ed3001c27e0, 0, 1;
L_0x5ed3001b7500 .part L_0x5ed3001c27e0, 1, 1;
L_0x5ed3001b7f70 .part L_0x5ed3001c27e0, 2, 1;
L_0x5ed3001b8990 .part L_0x5ed3001c27e0, 3, 1;
L_0x5ed3001b9390 .part L_0x5ed3001c27e0, 4, 1;
L_0x5ed3001b9db0 .part L_0x5ed3001c27e0, 5, 1;
L_0x5ed3001ba810 .part L_0x5ed3001c27e0, 6, 1;
L_0x5ed3001bb230 .part L_0x5ed3001c27e0, 7, 1;
L_0x5ed3001bbbd0 .part L_0x5ed3001c27e0, 8, 1;
L_0x5ed3001bc060 .part L_0x5ed3001c27e0, 9, 1;
L_0x5ed3001bc890 .part L_0x5ed3001c27e0, 10, 1;
L_0x5ed3001bd220 .part L_0x5ed3001c27e0, 11, 1;
L_0x5ed3001bdc20 .part L_0x5ed3001c27e0, 12, 1;
L_0x5ed3001be640 .part L_0x5ed3001c27e0, 13, 1;
L_0x5ed3001bf010 .part L_0x5ed3001c27e0, 14, 1;
LS_0x5ed3001bfa30_0_0 .concat8 [ 1 1 1 1], L_0x5ed3001b6b20, L_0x5ed3001b7500, L_0x5ed3001b7f70, L_0x5ed3001b8990;
LS_0x5ed3001bfa30_0_4 .concat8 [ 1 1 1 1], v0x5ed300171330_0, L_0x5ed3001b9db0, L_0x5ed3001ba810, L_0x5ed3001bb230;
LS_0x5ed3001bfa30_0_8 .concat8 [ 1 1 1 1], L_0x5ed3001bbbd0, v0x5ed300178f90_0, L_0x5ed3001bc890, L_0x5ed3001bd220;
LS_0x5ed3001bfa30_0_12 .concat8 [ 1 1 1 1], L_0x5ed3001bdc20, L_0x5ed3001be640, v0x5ed300180bb0_0, L_0x5ed3001bffb0;
L_0x5ed3001bfa30 .concat8 [ 4 4 4 4], LS_0x5ed3001bfa30_0_0, LS_0x5ed3001bfa30_0_4, LS_0x5ed3001bfa30_0_8, LS_0x5ed3001bfa30_0_12;
L_0x5ed3001bffb0 .part L_0x5ed3001c27e0, 15, 1;
L_0x5ed3001c02b0 .part L_0x5ed3001bfa30, 0, 1;
L_0x5ed3001c0520 .part L_0x5ed3001bfa30, 1, 1;
L_0x5ed3001c0730 .part L_0x5ed3001bfa30, 2, 1;
L_0x5ed3001c03a0 .part L_0x5ed3001bfa30, 3, 1;
L_0x5ed3001c0b60 .part L_0x5ed3001bfa30, 4, 1;
L_0x5ed3001c0e30 .part L_0x5ed3001bfa30, 5, 1;
L_0x5ed3001c1040 .part L_0x5ed3001bfa30, 6, 1;
L_0x5ed3001c1290 .part L_0x5ed3001bfa30, 7, 1;
L_0x5ed3001c14a0 .part L_0x5ed3001bfa30, 8, 1;
L_0x5ed3001c1700 .part L_0x5ed3001bfa30, 9, 1;
L_0x5ed3001c1910 .part L_0x5ed3001bfa30, 10, 1;
L_0x5ed3001c1c10 .part L_0x5ed3001bfa30, 11, 1;
L_0x5ed3001c1e20 .part L_0x5ed3001bfa30, 12, 1;
L_0x5ed3001c2130 .part L_0x5ed3001bfa30, 13, 1;
L_0x5ed3001c22b0 .part L_0x5ed3001bfa30, 14, 1;
LS_0x5ed3001c27e0_0_0 .concat8 [ 1 1 1 1], L_0x5ed3001c2b90, L_0x5ed3001c02b0, L_0x5ed3001c0520, L_0x5ed3001c0730;
LS_0x5ed3001c27e0_0_4 .concat8 [ 1 1 1 1], L_0x5ed3001c03a0, L_0x5ed3001c0b60, L_0x5ed3001c0e30, L_0x5ed3001c1040;
LS_0x5ed3001c27e0_0_8 .concat8 [ 1 1 1 1], L_0x5ed3001c1290, L_0x5ed3001c14a0, L_0x5ed3001c1700, L_0x5ed3001c1910;
LS_0x5ed3001c27e0_0_12 .concat8 [ 1 1 1 1], L_0x5ed3001c1c10, L_0x5ed3001c1e20, L_0x5ed3001c2130, L_0x5ed3001c22b0;
L_0x5ed3001c27e0 .concat8 [ 4 4 4 4], LS_0x5ed3001c27e0_0_0, LS_0x5ed3001c27e0_0_4, LS_0x5ed3001c27e0_0_8, LS_0x5ed3001c27e0_0_12;
L_0x5ed3001c2df0 .part L_0x5ed3001bfa30, 15, 1;
L_0x5ed3001c2fb0 .part L_0x5ed3001bf3a0, 0, 16;
S_0x5ed30016a0d0 .scope generate, "u[0]" "u[0]" 10 41, 10 41 0, S_0x5ed300169ab0;
 .timescale 0 0;
P_0x5ed30016a2b0 .param/l "i" 1 10 41, +C4<00>;
S_0x5ed30016a350 .scope generate, "slice_comb_gen" "slice_comb_gen" 10 43, 10 43 0, S_0x5ed30016a0d0;
 .timescale 0 0;
v0x5ed30016b1c0_0 .net *"_ivl_4", 0 0, L_0x5ed3001b6b20;  1 drivers
S_0x5ed30016a530 .scope module, "inst" "isqrt_slice_comb" 10 45, 11 1 0, S_0x5ed30016a350;
 .timescale 0 0;
    .port_info 0 /INPUT 32 "ix";
    .port_info 1 /INPUT 32 "iy";
    .port_info 2 /OUTPUT 32 "ox";
    .port_info 3 /OUTPUT 32 "oy";
P_0x5ed30016a710 .param/l "m" 0 11 3, C4<01000000000000000000000000000000>;
L_0x7ca2915b9658 .functor BUFT 1, C4<01000000000000000000000000000000>, C4<0>, C4<0>, C4<0>;
L_0x5ed3001b61e0 .functor OR 32, L_0x7ca2915ba858, L_0x7ca2915b9658, C4<00000000000000000000000000000000>, C4<00000000000000000000000000000000>;
L_0x5ed3001b64d0 .functor OR 32, L_0x5ed3001b67b0, L_0x5ed3001b68f0, C4<00000000000000000000000000000000>, C4<00000000000000000000000000000000>;
v0x5ed30016a880_0 .net/2u *"_ivl_0", 31 0, L_0x7ca2915b9658;  1 drivers
v0x5ed30016a920_0 .net *"_ivl_10", 31 0, L_0x5ed3001b67b0;  1 drivers
v0x5ed30016a9c0_0 .net *"_ivl_12", 30 0, L_0x5ed3001b6710;  1 drivers
L_0x7ca2915b96a0 .functor BUFT 1, C4<0>, C4<0>, C4<0>, C4<0>;
v0x5ed30016aa90_0 .net *"_ivl_14", 0 0, L_0x7ca2915b96a0;  1 drivers
L_0x7ca2915b96e8 .functor BUFT 1, C4<01000000000000000000000000000000>, C4<0>, C4<0>, C4<0>;
v0x5ed30016ab30_0 .net/2u *"_ivl_16", 31 0, L_0x7ca2915b96e8;  1 drivers
L_0x7ca2915b9730 .functor BUFT 1, C4<00000000000000000000000000000000>, C4<0>, C4<0>, C4<0>;
v0x5ed30016ac20_0 .net/2u *"_ivl_18", 31 0, L_0x7ca2915b9730;  1 drivers
v0x5ed30016acc0_0 .net *"_ivl_20", 31 0, L_0x5ed3001b68f0;  1 drivers
v0x5ed30016ad60_0 .net *"_ivl_6", 31 0, L_0x5ed3001b6430;  1 drivers
v0x5ed30016ae00_0 .net "b", 31 0, L_0x5ed3001b61e0;  1 drivers
v0x5ed30016aea0_0 .net "ix", 31 0, L_0x5ed3001c2ca0;  alias, 1 drivers
v0x5ed30016af40_0 .net "iy", 31 0, L_0x7ca2915ba858;  alias, 1 drivers
v0x5ed30016afe0_0 .net "ox", 31 0, L_0x5ed3001b6540;  alias, 1 drivers
v0x5ed30016b080_0 .net "oy", 31 0, L_0x5ed3001b64d0;  alias, 1 drivers
v0x5ed30016b120_0 .net "x_ge_b", 0 0, L_0x5ed3001b62f0;  1 drivers
L_0x5ed3001b62f0 .cmp/ge 32, L_0x5ed3001c2ca0, L_0x5ed3001b61e0;
L_0x5ed3001b6430 .arith/sub 32, L_0x5ed3001c2ca0, L_0x5ed3001b61e0;
L_0x5ed3001b6540 .functor MUXZ 32, L_0x5ed3001c2ca0, L_0x5ed3001b6430, L_0x5ed3001b62f0, C4<>;
L_0x5ed3001b6710 .part L_0x7ca2915ba858, 1, 31;
L_0x5ed3001b67b0 .concat [ 31 1 0 0], L_0x5ed3001b6710, L_0x7ca2915b96a0;
L_0x5ed3001b68f0 .functor MUXZ 32, L_0x7ca2915b9730, L_0x7ca2915b96e8, L_0x5ed3001b62f0, C4<>;
S_0x5ed30016b260 .scope generate, "u[1]" "u[1]" 10 41, 10 41 0, S_0x5ed300169ab0;
 .timescale 0 0;
P_0x5ed30016b3f0 .param/l "i" 1 10 41, +C4<01>;
S_0x5ed30016b490 .scope generate, "slice_comb_gen" "slice_comb_gen" 10 43, 10 43 0, S_0x5ed30016b260;
 .timescale 0 0;
v0x5ed30016c760_0 .net *"_ivl_4", 0 0, L_0x5ed3001b7500;  1 drivers
S_0x5ed30016b670 .scope module, "inst" "isqrt_slice_comb" 10 45, 11 1 0, S_0x5ed30016b490;
 .timescale 0 0;
    .port_info 0 /INPUT 32 "ix";
    .port_info 1 /INPUT 32 "iy";
    .port_info 2 /OUTPUT 32 "ox";
    .port_info 3 /OUTPUT 32 "oy";
P_0x5ed30016b870 .param/l "m" 0 11 3, C4<00010000000000000000000000000000>;
L_0x7ca2915b9778 .functor BUFT 1, C4<00010000000000000000000000000000>, C4<0>, C4<0>, C4<0>;
L_0x5ed3001b6bc0 .functor OR 32, L_0x5ed3001c04b0, L_0x7ca2915b9778, C4<00000000000000000000000000000000>, C4<00000000000000000000000000000000>;
L_0x5ed3001b6eb0 .functor OR 32, L_0x5ed3001b7190, L_0x5ed3001b72d0, C4<00000000000000000000000000000000>, C4<00000000000000000000000000000000>;
v0x5ed30016ba40_0 .net/2u *"_ivl_0", 31 0, L_0x7ca2915b9778;  1 drivers
v0x5ed30016bb40_0 .net *"_ivl_10", 31 0, L_0x5ed3001b7190;  1 drivers
v0x5ed30016bc20_0 .net *"_ivl_12", 30 0, L_0x5ed3001b70f0;  1 drivers
L_0x7ca2915b97c0 .functor BUFT 1, C4<0>, C4<0>, C4<0>, C4<0>;
v0x5ed30016bd10_0 .net *"_ivl_14", 0 0, L_0x7ca2915b97c0;  1 drivers
L_0x7ca2915b9808 .functor BUFT 1, C4<00010000000000000000000000000000>, C4<0>, C4<0>, C4<0>;
v0x5ed30016bdf0_0 .net/2u *"_ivl_16", 31 0, L_0x7ca2915b9808;  1 drivers
L_0x7ca2915b9850 .functor BUFT 1, C4<00000000000000000000000000000000>, C4<0>, C4<0>, C4<0>;
v0x5ed30016bf20_0 .net/2u *"_ivl_18", 31 0, L_0x7ca2915b9850;  1 drivers
v0x5ed30016c000_0 .net *"_ivl_20", 31 0, L_0x5ed3001b72d0;  1 drivers
v0x5ed30016c0e0_0 .net *"_ivl_6", 31 0, L_0x5ed3001b6e10;  1 drivers
v0x5ed30016c1c0_0 .net "b", 31 0, L_0x5ed3001b6bc0;  1 drivers
v0x5ed30016c2a0_0 .net "ix", 31 0, L_0x5ed3001c0440;  alias, 1 drivers
v0x5ed30016c380_0 .net "iy", 31 0, L_0x5ed3001c04b0;  alias, 1 drivers
v0x5ed30016c460_0 .net "ox", 31 0, L_0x5ed3001b6f20;  alias, 1 drivers
v0x5ed30016c540_0 .net "oy", 31 0, L_0x5ed3001b6eb0;  alias, 1 drivers
v0x5ed30016c620_0 .net "x_ge_b", 0 0, L_0x5ed3001b6cd0;  1 drivers
L_0x5ed3001b6cd0 .cmp/ge 32, L_0x5ed3001c0440, L_0x5ed3001b6bc0;
L_0x5ed3001b6e10 .arith/sub 32, L_0x5ed3001c0440, L_0x5ed3001b6bc0;
L_0x5ed3001b6f20 .functor MUXZ 32, L_0x5ed3001c0440, L_0x5ed3001b6e10, L_0x5ed3001b6cd0, C4<>;
L_0x5ed3001b70f0 .part L_0x5ed3001c04b0, 1, 31;
L_0x5ed3001b7190 .concat [ 31 1 0 0], L_0x5ed3001b70f0, L_0x7ca2915b97c0;
L_0x5ed3001b72d0 .functor MUXZ 32, L_0x7ca2915b9850, L_0x7ca2915b9808, L_0x5ed3001b6cd0, C4<>;
S_0x5ed30016c860 .scope generate, "u[2]" "u[2]" 10 41, 10 41 0, S_0x5ed300169ab0;
 .timescale 0 0;
P_0x5ed30016ca10 .param/l "i" 1 10 41, +C4<010>;
S_0x5ed30016cad0 .scope generate, "slice_comb_gen" "slice_comb_gen" 10 43, 10 43 0, S_0x5ed30016c860;
 .timescale 0 0;
v0x5ed30016ddd0_0 .net *"_ivl_4", 0 0, L_0x5ed3001b7f70;  1 drivers
S_0x5ed30016ccb0 .scope module, "inst" "isqrt_slice_comb" 10 45, 11 1 0, S_0x5ed30016cad0;
 .timescale 0 0;
    .port_info 0 /INPUT 32 "ix";
    .port_info 1 /INPUT 32 "iy";
    .port_info 2 /OUTPUT 32 "ox";
    .port_info 3 /OUTPUT 32 "oy";
P_0x5ed30016ceb0 .param/l "m" 0 11 3, C4<00000100000000000000000000000000>;
L_0x7ca2915b9898 .functor BUFT 1, C4<00000100000000000000000000000000>, C4<0>, C4<0>, C4<0>;
L_0x5ed3001b75f0 .functor OR 32, L_0x5ed3001c0630, L_0x7ca2915b9898, C4<00000000000000000000000000000000>, C4<00000000000000000000000000000000>;
L_0x5ed3001b78e0 .functor OR 32, L_0x5ed3001b7bc0, L_0x5ed3001b7d00, C4<00000000000000000000000000000000>, C4<00000000000000000000000000000000>;
v0x5ed30016d0b0_0 .net/2u *"_ivl_0", 31 0, L_0x7ca2915b9898;  1 drivers
v0x5ed30016d1b0_0 .net *"_ivl_10", 31 0, L_0x5ed3001b7bc0;  1 drivers
v0x5ed30016d290_0 .net *"_ivl_12", 30 0, L_0x5ed3001b7b20;  1 drivers
L_0x7ca2915b98e0 .functor BUFT 1, C4<0>, C4<0>, C4<0>, C4<0>;
v0x5ed30016d380_0 .net *"_ivl_14", 0 0, L_0x7ca2915b98e0;  1 drivers
L_0x7ca2915b9928 .functor BUFT 1, C4<00000100000000000000000000000000>, C4<0>, C4<0>, C4<0>;
v0x5ed30016d460_0 .net/2u *"_ivl_16", 31 0, L_0x7ca2915b9928;  1 drivers
L_0x7ca2915b9970 .functor BUFT 1, C4<00000000000000000000000000000000>, C4<0>, C4<0>, C4<0>;
v0x5ed30016d590_0 .net/2u *"_ivl_18", 31 0, L_0x7ca2915b9970;  1 drivers
v0x5ed30016d670_0 .net *"_ivl_20", 31 0, L_0x5ed3001b7d00;  1 drivers
v0x5ed30016d750_0 .net *"_ivl_6", 31 0, L_0x5ed3001b7840;  1 drivers
v0x5ed30016d830_0 .net "b", 31 0, L_0x5ed3001b75f0;  1 drivers
v0x5ed30016d910_0 .net "ix", 31 0, L_0x5ed3001c05c0;  alias, 1 drivers
v0x5ed30016d9f0_0 .net "iy", 31 0, L_0x5ed3001c0630;  alias, 1 drivers
v0x5ed30016dad0_0 .net "ox", 31 0, L_0x5ed3001b7950;  alias, 1 drivers
v0x5ed30016dbb0_0 .net "oy", 31 0, L_0x5ed3001b78e0;  alias, 1 drivers
v0x5ed30016dc90_0 .net "x_ge_b", 0 0, L_0x5ed3001b7700;  1 drivers
L_0x5ed3001b7700 .cmp/ge 32, L_0x5ed3001c05c0, L_0x5ed3001b75f0;
L_0x5ed3001b7840 .arith/sub 32, L_0x5ed3001c05c0, L_0x5ed3001b75f0;
L_0x5ed3001b7950 .functor MUXZ 32, L_0x5ed3001c05c0, L_0x5ed3001b7840, L_0x5ed3001b7700, C4<>;
L_0x5ed3001b7b20 .part L_0x5ed3001c0630, 1, 31;
L_0x5ed3001b7bc0 .concat [ 31 1 0 0], L_0x5ed3001b7b20, L_0x7ca2915b98e0;
L_0x5ed3001b7d00 .functor MUXZ 32, L_0x7ca2915b9970, L_0x7ca2915b9928, L_0x5ed3001b7700, C4<>;
S_0x5ed30016ded0 .scope generate, "u[3]" "u[3]" 10 41, 10 41 0, S_0x5ed300169ab0;
 .timescale 0 0;
P_0x5ed30016e080 .param/l "i" 1 10 41, +C4<011>;
S_0x5ed30016e160 .scope generate, "slice_comb_gen" "slice_comb_gen" 10 43, 10 43 0, S_0x5ed30016ded0;
 .timescale 0 0;
v0x5ed30016f430_0 .net *"_ivl_4", 0 0, L_0x5ed3001b8990;  1 drivers
S_0x5ed30016e340 .scope module, "inst" "isqrt_slice_comb" 10 45, 11 1 0, S_0x5ed30016e160;
 .timescale 0 0;
    .port_info 0 /INPUT 32 "ix";
    .port_info 1 /INPUT 32 "iy";
    .port_info 2 /OUTPUT 32 "ox";
    .port_info 3 /OUTPUT 32 "oy";
P_0x5ed30016e540 .param/l "m" 0 11 3, C4<00000001000000000000000000000000>;
L_0x7ca2915b99b8 .functor BUFT 1, C4<00000001000000000000000000000000>, C4<0>, C4<0>, C4<0>;
L_0x5ed3001b8010 .functor OR 32, L_0x5ed3001c0980, L_0x7ca2915b99b8, C4<00000000000000000000000000000000>, C4<00000000000000000000000000000000>;
L_0x5ed3001b8300 .functor OR 32, L_0x5ed3001b85e0, L_0x5ed3001b8720, C4<00000000000000000000000000000000>, C4<00000000000000000000000000000000>;
v0x5ed30016e710_0 .net/2u *"_ivl_0", 31 0, L_0x7ca2915b99b8;  1 drivers
v0x5ed30016e810_0 .net *"_ivl_10", 31 0, L_0x5ed3001b85e0;  1 drivers
v0x5ed30016e8f0_0 .net *"_ivl_12", 30 0, L_0x5ed3001b8540;  1 drivers
L_0x7ca2915b9a00 .functor BUFT 1, C4<0>, C4<0>, C4<0>, C4<0>;
v0x5ed30016e9e0_0 .net *"_ivl_14", 0 0, L_0x7ca2915b9a00;  1 drivers
L_0x7ca2915b9a48 .functor BUFT 1, C4<00000001000000000000000000000000>, C4<0>, C4<0>, C4<0>;
v0x5ed30016eac0_0 .net/2u *"_ivl_16", 31 0, L_0x7ca2915b9a48;  1 drivers
L_0x7ca2915b9a90 .functor BUFT 1, C4<00000000000000000000000000000000>, C4<0>, C4<0>, C4<0>;
v0x5ed30016ebf0_0 .net/2u *"_ivl_18", 31 0, L_0x7ca2915b9a90;  1 drivers
v0x5ed30016ecd0_0 .net *"_ivl_20", 31 0, L_0x5ed3001b8720;  1 drivers
v0x5ed30016edb0_0 .net *"_ivl_6", 31 0, L_0x5ed3001b8260;  1 drivers
v0x5ed30016ee90_0 .net "b", 31 0, L_0x5ed3001b8010;  1 drivers
v0x5ed30016ef70_0 .net "ix", 31 0, L_0x5ed3001c0910;  alias, 1 drivers
v0x5ed30016f050_0 .net "iy", 31 0, L_0x5ed3001c0980;  alias, 1 drivers
v0x5ed30016f130_0 .net "ox", 31 0, L_0x5ed3001b8370;  alias, 1 drivers
v0x5ed30016f210_0 .net "oy", 31 0, L_0x5ed3001b8300;  alias, 1 drivers
v0x5ed30016f2f0_0 .net "x_ge_b", 0 0, L_0x5ed3001b8120;  1 drivers
L_0x5ed3001b8120 .cmp/ge 32, L_0x5ed3001c0910, L_0x5ed3001b8010;
L_0x5ed3001b8260 .arith/sub 32, L_0x5ed3001c0910, L_0x5ed3001b8010;
L_0x5ed3001b8370 .functor MUXZ 32, L_0x5ed3001c0910, L_0x5ed3001b8260, L_0x5ed3001b8120, C4<>;
L_0x5ed3001b8540 .part L_0x5ed3001c0980, 1, 31;
L_0x5ed3001b85e0 .concat [ 31 1 0 0], L_0x5ed3001b8540, L_0x7ca2915b9a00;
L_0x5ed3001b8720 .functor MUXZ 32, L_0x7ca2915b9a90, L_0x7ca2915b9a48, L_0x5ed3001b8120, C4<>;
S_0x5ed30016f530 .scope generate, "u[4]" "u[4]" 10 41, 10 41 0, S_0x5ed300169ab0;
 .timescale 0 0;
P_0x5ed30016f730 .param/l "i" 1 10 41, +C4<0100>;
S_0x5ed30016f810 .scope generate, "slice_reg_gen" "slice_reg_gen" 10 43, 10 43 0, S_0x5ed30016f530;
 .timescale 0 0;
S_0x5ed30016f9f0 .scope module, "inst" "isqrt_slice_reg" 10 57, 12 1 0, S_0x5ed30016f810;
 .timescale 0 0;
    .port_info 0 /INPUT 1 "clk";
    .port_info 1 /INPUT 1 "rst";
    .port_info 2 /INPUT 1 "ivld";
    .port_info 3 /INPUT 32 "ix";
    .port_info 4 /INPUT 32 "iy";
    .port_info 5 /OUTPUT 1 "ovld";
    .port_info 6 /OUTPUT 32 "ox";
    .port_info 7 /OUTPUT 32 "oy";
P_0x5ed30016fbf0 .param/l "m" 0 12 3, C4<00000000010000000000000000000000>;
v0x5ed300170ea0_0 .net "clk", 0 0, v0x5ed300189950_0;  alias, 1 drivers
v0x5ed300170f60_0 .net "cox", 31 0, L_0x5ed3001b8dc0;  1 drivers
v0x5ed300171020_0 .net "coy", 31 0, L_0x5ed3001b8cc0;  1 drivers
v0x5ed300171120_0 .net "ivld", 0 0, L_0x5ed3001b9390;  1 drivers
v0x5ed3001711c0_0 .net "ix", 31 0, L_0x5ed3001c0a80;  alias, 1 drivers
v0x5ed300171260_0 .net "iy", 31 0, L_0x5ed3001c0af0;  alias, 1 drivers
v0x5ed300171330_0 .var "ovld", 0 0;
v0x5ed3001713d0_0 .var "ox", 31 0;
v0x5ed3001714b0_0 .var "oy", 31 0;
v0x5ed300171620_0 .net "rst", 0 0, v0x5ed300189fa0_0;  alias, 1 drivers
S_0x5ed30016fe40 .scope module, "inst" "isqrt_slice_comb" 12 20, 11 1 0, S_0x5ed30016f9f0;
 .timescale 0 0;
    .port_info 0 /INPUT 32 "ix";
    .port_info 1 /INPUT 32 "iy";
    .port_info 2 /OUTPUT 32 "ox";
    .port_info 3 /OUTPUT 32 "oy";
P_0x5ed300170040 .param/l "m" 0 11 3, C4<00000000010000000000000000000000>;
L_0x7ca2915b9ad8 .functor BUFT 1, C4<00000000010000000000000000000000>, C4<0>, C4<0>, C4<0>;
L_0x5ed3001b8ac0 .functor OR 32, L_0x5ed3001c0af0, L_0x7ca2915b9ad8, C4<00000000000000000000000000000000>, C4<00000000000000000000000000000000>;
L_0x5ed3001b8cc0 .functor OR 32, L_0x5ed3001b9030, L_0x5ed3001b9120, C4<00000000000000000000000000000000>, C4<00000000000000000000000000000000>;
v0x5ed300170180_0 .net/2u *"_ivl_0", 31 0, L_0x7ca2915b9ad8;  1 drivers
v0x5ed300170280_0 .net *"_ivl_10", 31 0, L_0x5ed3001b9030;  1 drivers
v0x5ed300170360_0 .net *"_ivl_12", 30 0, L_0x5ed3001b8f00;  1 drivers
L_0x7ca2915b9b20 .functor BUFT 1, C4<0>, C4<0>, C4<0>, C4<0>;
v0x5ed300170450_0 .net *"_ivl_14", 0 0, L_0x7ca2915b9b20;  1 drivers
L_0x7ca2915b9b68 .functor BUFT 1, C4<00000000010000000000000000000000>, C4<0>, C4<0>, C4<0>;
v0x5ed300170530_0 .net/2u *"_ivl_16", 31 0, L_0x7ca2915b9b68;  1 drivers
L_0x7ca2915b9bb0 .functor BUFT 1, C4<00000000000000000000000000000000>, C4<0>, C4<0>, C4<0>;
v0x5ed300170660_0 .net/2u *"_ivl_18", 31 0, L_0x7ca2915b9bb0;  1 drivers
v0x5ed300170740_0 .net *"_ivl_20", 31 0, L_0x5ed3001b9120;  1 drivers
v0x5ed300170820_0 .net *"_ivl_6", 31 0, L_0x5ed3001b8c20;  1 drivers
v0x5ed300170900_0 .net "b", 31 0, L_0x5ed3001b8ac0;  1 drivers
v0x5ed3001709e0_0 .net "ix", 31 0, L_0x5ed3001c0a80;  alias, 1 drivers
v0x5ed300170ac0_0 .net "iy", 31 0, L_0x5ed3001c0af0;  alias, 1 drivers
v0x5ed300170ba0_0 .net "ox", 31 0, L_0x5ed3001b8dc0;  alias, 1 drivers
v0x5ed300170c80_0 .net "oy", 31 0, L_0x5ed3001b8cc0;  alias, 1 drivers
v0x5ed300170d60_0 .net "x_ge_b", 0 0, L_0x5ed3001b8b30;  1 drivers
L_0x5ed3001b8b30 .cmp/ge 32, L_0x5ed3001c0a80, L_0x5ed3001b8ac0;
L_0x5ed3001b8c20 .arith/sub 32, L_0x5ed3001c0a80, L_0x5ed3001b8ac0;
L_0x5ed3001b8dc0 .functor MUXZ 32, L_0x5ed3001c0a80, L_0x5ed3001b8c20, L_0x5ed3001b8b30, C4<>;
L_0x5ed3001b8f00 .part L_0x5ed3001c0af0, 1, 31;
L_0x5ed3001b9030 .concat [ 31 1 0 0], L_0x5ed3001b8f00, L_0x7ca2915b9b20;
L_0x5ed3001b9120 .functor MUXZ 32, L_0x7ca2915b9bb0, L_0x7ca2915b9b68, L_0x5ed3001b8b30, C4<>;
S_0x5ed3001717c0 .scope generate, "u[5]" "u[5]" 10 41, 10 41 0, S_0x5ed300169ab0;
 .timescale 0 0;
P_0x5ed300171970 .param/l "i" 1 10 41, +C4<0101>;
S_0x5ed300171a50 .scope generate, "slice_comb_gen" "slice_comb_gen" 10 43, 10 43 0, S_0x5ed3001717c0;
 .timescale 0 0;
v0x5ed300172d50_0 .net *"_ivl_4", 0 0, L_0x5ed3001b9db0;  1 drivers
S_0x5ed300171c30 .scope module, "inst" "isqrt_slice_comb" 10 45, 11 1 0, S_0x5ed300171a50;
 .timescale 0 0;
    .port_info 0 /INPUT 32 "ix";
    .port_info 1 /INPUT 32 "iy";
    .port_info 2 /OUTPUT 32 "ox";
    .port_info 3 /OUTPUT 32 "oy";
P_0x5ed300171e30 .param/l "m" 0 11 3, C4<00000000000100000000000000000000>;
L_0x7ca2915b9bf8 .functor BUFT 1, C4<00000000000100000000000000000000>, C4<0>, C4<0>, C4<0>;
L_0x5ed3001b9430 .functor OR 32, L_0x5ed3001c0d30, L_0x7ca2915b9bf8, C4<00000000000000000000000000000000>, C4<00000000000000000000000000000000>;
L_0x5ed3001b9720 .functor OR 32, L_0x5ed3001b9a00, L_0x5ed3001b9b40, C4<00000000000000000000000000000000>, C4<00000000000000000000000000000000>;
v0x5ed300172030_0 .net/2u *"_ivl_0", 31 0, L_0x7ca2915b9bf8;  1 drivers
v0x5ed300172130_0 .net *"_ivl_10", 31 0, L_0x5ed3001b9a00;  1 drivers
v0x5ed300172210_0 .net *"_ivl_12", 30 0, L_0x5ed3001b9960;  1 drivers
L_0x7ca2915b9c40 .functor BUFT 1, C4<0>, C4<0>, C4<0>, C4<0>;
v0x5ed300172300_0 .net *"_ivl_14", 0 0, L_0x7ca2915b9c40;  1 drivers
L_0x7ca2915b9c88 .functor BUFT 1, C4<00000000000100000000000000000000>, C4<0>, C4<0>, C4<0>;
v0x5ed3001723e0_0 .net/2u *"_ivl_16", 31 0, L_0x7ca2915b9c88;  1 drivers
L_0x7ca2915b9cd0 .functor BUFT 1, C4<00000000000000000000000000000000>, C4<0>, C4<0>, C4<0>;
v0x5ed300172510_0 .net/2u *"_ivl_18", 31 0, L_0x7ca2915b9cd0;  1 drivers
v0x5ed3001725f0_0 .net *"_ivl_20", 31 0, L_0x5ed3001b9b40;  1 drivers
v0x5ed3001726d0_0 .net *"_ivl_6", 31 0, L_0x5ed3001b9680;  1 drivers
v0x5ed3001727b0_0 .net "b", 31 0, L_0x5ed3001b9430;  1 drivers
v0x5ed300172890_0 .net "ix", 31 0, L_0x5ed3001c0cc0;  alias, 1 drivers
v0x5ed300172970_0 .net "iy", 31 0, L_0x5ed3001c0d30;  alias, 1 drivers
v0x5ed300172a50_0 .net "ox", 31 0, L_0x5ed3001b9790;  alias, 1 drivers
v0x5ed300172b30_0 .net "oy", 31 0, L_0x5ed3001b9720;  alias, 1 drivers
v0x5ed300172c10_0 .net "x_ge_b", 0 0, L_0x5ed3001b9540;  1 drivers
L_0x5ed3001b9540 .cmp/ge 32, L_0x5ed3001c0cc0, L_0x5ed3001b9430;
L_0x5ed3001b9680 .arith/sub 32, L_0x5ed3001c0cc0, L_0x5ed3001b9430;
L_0x5ed3001b9790 .functor MUXZ 32, L_0x5ed3001c0cc0, L_0x5ed3001b9680, L_0x5ed3001b9540, C4<>;
L_0x5ed3001b9960 .part L_0x5ed3001c0d30, 1, 31;
L_0x5ed3001b9a00 .concat [ 31 1 0 0], L_0x5ed3001b9960, L_0x7ca2915b9c40;
L_0x5ed3001b9b40 .functor MUXZ 32, L_0x7ca2915b9cd0, L_0x7ca2915b9c88, L_0x5ed3001b9540, C4<>;
S_0x5ed300172e50 .scope generate, "u[6]" "u[6]" 10 41, 10 41 0, S_0x5ed300169ab0;
 .timescale 0 0;
P_0x5ed300173000 .param/l "i" 1 10 41, +C4<0110>;
S_0x5ed3001730e0 .scope generate, "slice_comb_gen" "slice_comb_gen" 10 43, 10 43 0, S_0x5ed300172e50;
 .timescale 0 0;
v0x5ed3001743b0_0 .net *"_ivl_4", 0 0, L_0x5ed3001ba810;  1 drivers
S_0x5ed3001732c0 .scope module, "inst" "isqrt_slice_comb" 10 45, 11 1 0, S_0x5ed3001730e0;
 .timescale 0 0;
    .port_info 0 /INPUT 32 "ix";
    .port_info 1 /INPUT 32 "iy";
    .port_info 2 /OUTPUT 32 "ox";
    .port_info 3 /OUTPUT 32 "oy";
P_0x5ed3001734c0 .param/l "m" 0 11 3, C4<00000000000001000000000000000000>;
L_0x7ca2915b9d18 .functor BUFT 1, C4<00000000000001000000000000000000>, C4<0>, C4<0>, C4<0>;
L_0x5ed3001b9e90 .functor OR 32, L_0x5ed3001c0f40, L_0x7ca2915b9d18, C4<00000000000000000000000000000000>, C4<00000000000000000000000000000000>;
L_0x5ed3001ba180 .functor OR 32, L_0x5ed3001ba460, L_0x5ed3001ba5a0, C4<00000000000000000000000000000000>, C4<00000000000000000000000000000000>;
v0x5ed300173690_0 .net/2u *"_ivl_0", 31 0, L_0x7ca2915b9d18;  1 drivers
v0x5ed300173790_0 .net *"_ivl_10", 31 0, L_0x5ed3001ba460;  1 drivers
v0x5ed300173870_0 .net *"_ivl_12", 30 0, L_0x5ed3001ba3c0;  1 drivers
L_0x7ca2915b9d60 .functor BUFT 1, C4<0>, C4<0>, C4<0>, C4<0>;
v0x5ed300173960_0 .net *"_ivl_14", 0 0, L_0x7ca2915b9d60;  1 drivers
L_0x7ca2915b9da8 .functor BUFT 1, C4<00000000000001000000000000000000>, C4<0>, C4<0>, C4<0>;
v0x5ed300173a40_0 .net/2u *"_ivl_16", 31 0, L_0x7ca2915b9da8;  1 drivers
L_0x7ca2915b9df0 .functor BUFT 1, C4<00000000000000000000000000000000>, C4<0>, C4<0>, C4<0>;
v0x5ed300173b70_0 .net/2u *"_ivl_18", 31 0, L_0x7ca2915b9df0;  1 drivers
v0x5ed300173c50_0 .net *"_ivl_20", 31 0, L_0x5ed3001ba5a0;  1 drivers
v0x5ed300173d30_0 .net *"_ivl_6", 31 0, L_0x5ed3001ba0e0;  1 drivers
v0x5ed300173e10_0 .net "b", 31 0, L_0x5ed3001b9e90;  1 drivers
v0x5ed300173ef0_0 .net "ix", 31 0, L_0x5ed3001c0ed0;  alias, 1 drivers
v0x5ed300173fd0_0 .net "iy", 31 0, L_0x5ed3001c0f40;  alias, 1 drivers
v0x5ed3001740b0_0 .net "ox", 31 0, L_0x5ed3001ba1f0;  alias, 1 drivers
v0x5ed300174190_0 .net "oy", 31 0, L_0x5ed3001ba180;  alias, 1 drivers
v0x5ed300174270_0 .net "x_ge_b", 0 0, L_0x5ed3001b9fa0;  1 drivers
L_0x5ed3001b9fa0 .cmp/ge 32, L_0x5ed3001c0ed0, L_0x5ed3001b9e90;
L_0x5ed3001ba0e0 .arith/sub 32, L_0x5ed3001c0ed0, L_0x5ed3001b9e90;
L_0x5ed3001ba1f0 .functor MUXZ 32, L_0x5ed3001c0ed0, L_0x5ed3001ba0e0, L_0x5ed3001b9fa0, C4<>;
L_0x5ed3001ba3c0 .part L_0x5ed3001c0f40, 1, 31;
L_0x5ed3001ba460 .concat [ 31 1 0 0], L_0x5ed3001ba3c0, L_0x7ca2915b9d60;
L_0x5ed3001ba5a0 .functor MUXZ 32, L_0x7ca2915b9df0, L_0x7ca2915b9da8, L_0x5ed3001b9fa0, C4<>;
S_0x5ed3001744b0 .scope generate, "u[7]" "u[7]" 10 41, 10 41 0, S_0x5ed300169ab0;
 .timescale 0 0;
P_0x5ed300174660 .param/l "i" 1 10 41, +C4<0111>;
S_0x5ed300174740 .scope generate, "slice_comb_gen" "slice_comb_gen" 10 43, 10 43 0, S_0x5ed3001744b0;
 .timescale 0 0;
v0x5ed300175a10_0 .net *"_ivl_4", 0 0, L_0x5ed3001bb230;  1 drivers
S_0x5ed300174920 .scope module, "inst" "isqrt_slice_comb" 10 45, 11 1 0, S_0x5ed300174740;
 .timescale 0 0;
    .port_info 0 /INPUT 32 "ix";
    .port_info 1 /INPUT 32 "iy";
    .port_info 2 /OUTPUT 32 "ox";
    .port_info 3 /OUTPUT 32 "oy";
P_0x5ed300174b20 .param/l "m" 0 11 3, C4<00000000000000010000000000000000>;
L_0x7ca2915b9e38 .functor BUFT 1, C4<00000000000000010000000000000000>, C4<0>, C4<0>, C4<0>;
L_0x5ed3001ba8b0 .functor OR 32, L_0x5ed3001c1220, L_0x7ca2915b9e38, C4<00000000000000000000000000000000>, C4<00000000000000000000000000000000>;
L_0x5ed3001baba0 .functor OR 32, L_0x5ed3001bae80, L_0x5ed3001bafc0, C4<00000000000000000000000000000000>, C4<00000000000000000000000000000000>;
v0x5ed300174cf0_0 .net/2u *"_ivl_0", 31 0, L_0x7ca2915b9e38;  1 drivers
v0x5ed300174df0_0 .net *"_ivl_10", 31 0, L_0x5ed3001bae80;  1 drivers
v0x5ed300174ed0_0 .net *"_ivl_12", 30 0, L_0x5ed3001bade0;  1 drivers
L_0x7ca2915b9e80 .functor BUFT 1, C4<0>, C4<0>, C4<0>, C4<0>;
v0x5ed300174fc0_0 .net *"_ivl_14", 0 0, L_0x7ca2915b9e80;  1 drivers
L_0x7ca2915b9ec8 .functor BUFT 1, C4<00000000000000010000000000000000>, C4<0>, C4<0>, C4<0>;
v0x5ed3001750a0_0 .net/2u *"_ivl_16", 31 0, L_0x7ca2915b9ec8;  1 drivers
L_0x7ca2915b9f10 .functor BUFT 1, C4<00000000000000000000000000000000>, C4<0>, C4<0>, C4<0>;
v0x5ed3001751d0_0 .net/2u *"_ivl_18", 31 0, L_0x7ca2915b9f10;  1 drivers
v0x5ed3001752b0_0 .net *"_ivl_20", 31 0, L_0x5ed3001bafc0;  1 drivers
v0x5ed300175390_0 .net *"_ivl_6", 31 0, L_0x5ed3001bab00;  1 drivers
v0x5ed300175470_0 .net "b", 31 0, L_0x5ed3001ba8b0;  1 drivers
v0x5ed300175550_0 .net "ix", 31 0, L_0x5ed3001c11b0;  alias, 1 drivers
v0x5ed300175630_0 .net "iy", 31 0, L_0x5ed3001c1220;  alias, 1 drivers
v0x5ed300175710_0 .net "ox", 31 0, L_0x5ed3001bac10;  alias, 1 drivers
v0x5ed3001757f0_0 .net "oy", 31 0, L_0x5ed3001baba0;  alias, 1 drivers
v0x5ed3001758d0_0 .net "x_ge_b", 0 0, L_0x5ed3001ba9c0;  1 drivers
L_0x5ed3001ba9c0 .cmp/ge 32, L_0x5ed3001c11b0, L_0x5ed3001ba8b0;
L_0x5ed3001bab00 .arith/sub 32, L_0x5ed3001c11b0, L_0x5ed3001ba8b0;
L_0x5ed3001bac10 .functor MUXZ 32, L_0x5ed3001c11b0, L_0x5ed3001bab00, L_0x5ed3001ba9c0, C4<>;
L_0x5ed3001bade0 .part L_0x5ed3001c1220, 1, 31;
L_0x5ed3001bae80 .concat [ 31 1 0 0], L_0x5ed3001bade0, L_0x7ca2915b9e80;
L_0x5ed3001bafc0 .functor MUXZ 32, L_0x7ca2915b9f10, L_0x7ca2915b9ec8, L_0x5ed3001ba9c0, C4<>;
S_0x5ed300175b10 .scope generate, "u[8]" "u[8]" 10 41, 10 41 0, S_0x5ed300169ab0;
 .timescale 0 0;
P_0x5ed30016f6e0 .param/l "i" 1 10 41, +C4<01000>;
S_0x5ed300175de0 .scope generate, "slice_comb_gen" "slice_comb_gen" 10 43, 10 43 0, S_0x5ed300175b10;
 .timescale 0 0;
v0x5ed3001770b0_0 .net *"_ivl_4", 0 0, L_0x5ed3001bbbd0;  1 drivers
S_0x5ed300175fc0 .scope module, "inst" "isqrt_slice_comb" 10 45, 11 1 0, S_0x5ed300175de0;
 .timescale 0 0;
    .port_info 0 /INPUT 32 "ix";
    .port_info 1 /INPUT 32 "iy";
    .port_info 2 /OUTPUT 32 "ox";
    .port_info 3 /OUTPUT 32 "oy";
P_0x5ed3001761c0 .param/l "m" 0 11 3, C4<00000000000000000100000000000000>;
L_0x7ca2915b9f58 .functor BUFT 1, C4<00000000000000000100000000000000>, C4<0>, C4<0>, C4<0>;
L_0x5ed3001bb320 .functor OR 32, L_0x5ed3001c13a0, L_0x7ca2915b9f58, C4<00000000000000000000000000000000>, C4<00000000000000000000000000000000>;
L_0x5ed3001bb610 .functor OR 32, L_0x5ed3001bb860, L_0x5ed3001bb9a0, C4<00000000000000000000000000000000>, C4<00000000000000000000000000000000>;
v0x5ed300176390_0 .net/2u *"_ivl_0", 31 0, L_0x7ca2915b9f58;  1 drivers
v0x5ed300176490_0 .net *"_ivl_10", 31 0, L_0x5ed3001bb860;  1 drivers
v0x5ed300176570_0 .net *"_ivl_12", 30 0, L_0x5ed3001bb7c0;  1 drivers
L_0x7ca2915b9fa0 .functor BUFT 1, C4<0>, C4<0>, C4<0>, C4<0>;
v0x5ed300176660_0 .net *"_ivl_14", 0 0, L_0x7ca2915b9fa0;  1 drivers
L_0x7ca2915b9fe8 .functor BUFT 1, C4<00000000000000000100000000000000>, C4<0>, C4<0>, C4<0>;
v0x5ed300176740_0 .net/2u *"_ivl_16", 31 0, L_0x7ca2915b9fe8;  1 drivers
L_0x7ca2915ba030 .functor BUFT 1, C4<00000000000000000000000000000000>, C4<0>, C4<0>, C4<0>;
v0x5ed300176870_0 .net/2u *"_ivl_18", 31 0, L_0x7ca2915ba030;  1 drivers
v0x5ed300176950_0 .net *"_ivl_20", 31 0, L_0x5ed3001bb9a0;  1 drivers
v0x5ed300176a30_0 .net *"_ivl_6", 31 0, L_0x5ed3001bb570;  1 drivers
v0x5ed300176b10_0 .net "b", 31 0, L_0x5ed3001bb320;  1 drivers
v0x5ed300176bf0_0 .net "ix", 31 0, L_0x5ed3001c1330;  alias, 1 drivers
v0x5ed300176cd0_0 .net "iy", 31 0, L_0x5ed3001c13a0;  alias, 1 drivers
v0x5ed300176db0_0 .net "ox", 31 0, L_0x5ed3001bb680;  alias, 1 drivers
v0x5ed300176e90_0 .net "oy", 31 0, L_0x5ed3001bb610;  alias, 1 drivers
v0x5ed300176f70_0 .net "x_ge_b", 0 0, L_0x5ed3001bb430;  1 drivers
L_0x5ed3001bb430 .cmp/ge 32, L_0x5ed3001c1330, L_0x5ed3001bb320;
L_0x5ed3001bb570 .arith/sub 32, L_0x5ed3001c1330, L_0x5ed3001bb320;
L_0x5ed3001bb680 .functor MUXZ 32, L_0x5ed3001c1330, L_0x5ed3001bb570, L_0x5ed3001bb430, C4<>;
L_0x5ed3001bb7c0 .part L_0x5ed3001c13a0, 1, 31;
L_0x5ed3001bb860 .concat [ 31 1 0 0], L_0x5ed3001bb7c0, L_0x7ca2915b9fa0;
L_0x5ed3001bb9a0 .functor MUXZ 32, L_0x7ca2915ba030, L_0x7ca2915b9fe8, L_0x5ed3001bb430, C4<>;
S_0x5ed3001771b0 .scope generate, "u[9]" "u[9]" 10 41, 10 41 0, S_0x5ed300169ab0;
 .timescale 0 0;
P_0x5ed300177360 .param/l "i" 1 10 41, +C4<01001>;
S_0x5ed300177440 .scope generate, "slice_reg_gen" "slice_reg_gen" 10 43, 10 43 0, S_0x5ed3001771b0;
 .timescale 0 0;
S_0x5ed300177620 .scope module, "inst" "isqrt_slice_reg" 10 57, 12 1 0, S_0x5ed300177440;
 .timescale 0 0;
    .port_info 0 /INPUT 1 "clk";
    .port_info 1 /INPUT 1 "rst";
    .port_info 2 /INPUT 1 "ivld";
    .port_info 3 /INPUT 32 "ix";
    .port_info 4 /INPUT 32 "iy";
    .port_info 5 /OUTPUT 1 "ovld";
    .port_info 6 /OUTPUT 32 "ox";
    .port_info 7 /OUTPUT 32 "oy";
P_0x5ed300177820 .param/l "m" 0 12 3, C4<00000000000000000001000000000000>;
v0x5ed300178b00_0 .net "clk", 0 0, v0x5ed300189950_0;  alias, 1 drivers
v0x5ed300178bc0_0 .net "cox", 31 0, L_0x5ed3001870d0;  1 drivers
v0x5ed300178c80_0 .net "coy", 31 0, L_0x5ed3001bbec0;  1 drivers
v0x5ed300178d80_0 .net "ivld", 0 0, L_0x5ed3001bc060;  1 drivers
v0x5ed300178e20_0 .net "ix", 31 0, L_0x5ed3001c1620;  alias, 1 drivers
v0x5ed300178ec0_0 .net "iy", 31 0, L_0x5ed3001c1690;  alias, 1 drivers
v0x5ed300178f90_0 .var "ovld", 0 0;
v0x5ed300179030_0 .var "ox", 31 0;
v0x5ed300179110_0 .var "oy", 31 0;
v0x5ed300179280_0 .net "rst", 0 0, v0x5ed300189fa0_0;  alias, 1 drivers
S_0x5ed300177a70 .scope module, "inst" "isqrt_slice_comb" 12 20, 11 1 0, S_0x5ed300177620;
 .timescale 0 0;
    .port_info 0 /INPUT 32 "ix";
    .port_info 1 /INPUT 32 "iy";
    .port_info 2 /OUTPUT 32 "ox";
    .port_info 3 /OUTPUT 32 "oy";
P_0x5ed300177c70 .param/l "m" 0 11 3, C4<00000000000000000001000000000000>;
L_0x7ca2915ba078 .functor BUFT 1, C4<00000000000000000001000000000000>, C4<0>, C4<0>, C4<0>;
L_0x5ed3001bbc70 .functor OR 32, L_0x5ed3001c1690, L_0x7ca2915ba078, C4<00000000000000000000000000000000>, C4<00000000000000000000000000000000>;
L_0x5ed3001bbec0 .functor OR 32, L_0x5ed300169070, L_0x5ed3001bbfc0, C4<00000000000000000000000000000000>, C4<00000000000000000000000000000000>;
v0x5ed300177de0_0 .net/2u *"_ivl_0", 31 0, L_0x7ca2915ba078;  1 drivers
v0x5ed300177ee0_0 .net *"_ivl_10", 31 0, L_0x5ed300169070;  1 drivers
v0x5ed300177fc0_0 .net *"_ivl_12", 30 0, L_0x5ed300168fd0;  1 drivers
L_0x7ca2915ba0c0 .functor BUFT 1, C4<0>, C4<0>, C4<0>, C4<0>;
v0x5ed3001780b0_0 .net *"_ivl_14", 0 0, L_0x7ca2915ba0c0;  1 drivers
L_0x7ca2915ba108 .functor BUFT 1, C4<00000000000000000001000000000000>, C4<0>, C4<0>, C4<0>;
v0x5ed300178190_0 .net/2u *"_ivl_16", 31 0, L_0x7ca2915ba108;  1 drivers
L_0x7ca2915ba150 .functor BUFT 1, C4<00000000000000000000000000000000>, C4<0>, C4<0>, C4<0>;
v0x5ed3001782c0_0 .net/2u *"_ivl_18", 31 0, L_0x7ca2915ba150;  1 drivers
v0x5ed3001783a0_0 .net *"_ivl_20", 31 0, L_0x5ed3001bbfc0;  1 drivers
v0x5ed300178480_0 .net *"_ivl_6", 31 0, L_0x5ed3001bbe20;  1 drivers
v0x5ed300178560_0 .net "b", 31 0, L_0x5ed3001bbc70;  1 drivers
v0x5ed300178640_0 .net "ix", 31 0, L_0x5ed3001c1620;  alias, 1 drivers
v0x5ed300178720_0 .net "iy", 31 0, L_0x5ed3001c1690;  alias, 1 drivers
v0x5ed300178800_0 .net "ox", 31 0, L_0x5ed3001870d0;  alias, 1 drivers
v0x5ed3001788e0_0 .net "oy", 31 0, L_0x5ed3001bbec0;  alias, 1 drivers
v0x5ed3001789c0_0 .net "x_ge_b", 0 0, L_0x5ed3001bbd30;  1 drivers
L_0x5ed3001bbd30 .cmp/ge 32, L_0x5ed3001c1620, L_0x5ed3001bbc70;
L_0x5ed3001bbe20 .arith/sub 32, L_0x5ed3001c1620, L_0x5ed3001bbc70;
L_0x5ed3001870d0 .functor MUXZ 32, L_0x5ed3001c1620, L_0x5ed3001bbe20, L_0x5ed3001bbd30, C4<>;
L_0x5ed300168fd0 .part L_0x5ed3001c1690, 1, 31;
L_0x5ed300169070 .concat [ 31 1 0 0], L_0x5ed300168fd0, L_0x7ca2915ba0c0;
L_0x5ed3001bbfc0 .functor MUXZ 32, L_0x7ca2915ba150, L_0x7ca2915ba108, L_0x5ed3001bbd30, C4<>;
S_0x5ed300179420 .scope generate, "u[10]" "u[10]" 10 41, 10 41 0, S_0x5ed300169ab0;
 .timescale 0 0;
P_0x5ed3001795d0 .param/l "i" 1 10 41, +C4<01010>;
S_0x5ed3001796b0 .scope generate, "slice_comb_gen" "slice_comb_gen" 10 43, 10 43 0, S_0x5ed300179420;
 .timescale 0 0;
v0x5ed30017a9b0_0 .net *"_ivl_4", 0 0, L_0x5ed3001bc890;  1 drivers
S_0x5ed300179890 .scope module, "inst" "isqrt_slice_comb" 10 45, 11 1 0, S_0x5ed3001796b0;
 .timescale 0 0;
    .port_info 0 /INPUT 32 "ix";
    .port_info 1 /INPUT 32 "iy";
    .port_info 2 /OUTPUT 32 "ox";
    .port_info 3 /OUTPUT 32 "oy";
P_0x5ed300179a90 .param/l "m" 0 11 3, C4<00000000000000000000010000000000>;
L_0x7ca2915ba198 .functor BUFT 1, C4<00000000000000000000010000000000>, C4<0>, C4<0>, C4<0>;
L_0x5ed300169650 .functor OR 32, L_0x5ed3001c1810, L_0x7ca2915ba198, C4<00000000000000000000000000000000>, C4<00000000000000000000000000000000>;
L_0x5ed3001bc240 .functor OR 32, L_0x5ed3001bc4e0, L_0x5ed3001bc620, C4<00000000000000000000000000000000>, C4<00000000000000000000000000000000>;
v0x5ed300179c90_0 .net/2u *"_ivl_0", 31 0, L_0x7ca2915ba198;  1 drivers
v0x5ed300179d90_0 .net *"_ivl_10", 31 0, L_0x5ed3001bc4e0;  1 drivers
v0x5ed300179e70_0 .net *"_ivl_12", 30 0, L_0x5ed3001bc440;  1 drivers
L_0x7ca2915ba1e0 .functor BUFT 1, C4<0>, C4<0>, C4<0>, C4<0>;
v0x5ed300179f60_0 .net *"_ivl_14", 0 0, L_0x7ca2915ba1e0;  1 drivers
L_0x7ca2915ba228 .functor BUFT 1, C4<00000000000000000000010000000000>, C4<0>, C4<0>, C4<0>;
v0x5ed30017a040_0 .net/2u *"_ivl_16", 31 0, L_0x7ca2915ba228;  1 drivers
L_0x7ca2915ba270 .functor BUFT 1, C4<00000000000000000000000000000000>, C4<0>, C4<0>, C4<0>;
v0x5ed30017a170_0 .net/2u *"_ivl_18", 31 0, L_0x7ca2915ba270;  1 drivers
v0x5ed30017a250_0 .net *"_ivl_20", 31 0, L_0x5ed3001bc620;  1 drivers
v0x5ed30017a330_0 .net *"_ivl_6", 31 0, L_0x5ed3001bc1a0;  1 drivers
v0x5ed30017a410_0 .net "b", 31 0, L_0x5ed300169650;  1 drivers
v0x5ed30017a4f0_0 .net "ix", 31 0, L_0x5ed3001c17a0;  alias, 1 drivers
v0x5ed30017a5d0_0 .net "iy", 31 0, L_0x5ed3001c1810;  alias, 1 drivers
v0x5ed30017a6b0_0 .net "ox", 31 0, L_0x5ed3001bc2b0;  alias, 1 drivers
v0x5ed30017a790_0 .net "oy", 31 0, L_0x5ed3001bc240;  alias, 1 drivers
v0x5ed30017a870_0 .net "x_ge_b", 0 0, L_0x5ed3001bc100;  1 drivers
L_0x5ed3001bc100 .cmp/ge 32, L_0x5ed3001c17a0, L_0x5ed300169650;
L_0x5ed3001bc1a0 .arith/sub 32, L_0x5ed3001c17a0, L_0x5ed300169650;
L_0x5ed3001bc2b0 .functor MUXZ 32, L_0x5ed3001c17a0, L_0x5ed3001bc1a0, L_0x5ed3001bc100, C4<>;
L_0x5ed3001bc440 .part L_0x5ed3001c1810, 1, 31;
L_0x5ed3001bc4e0 .concat [ 31 1 0 0], L_0x5ed3001bc440, L_0x7ca2915ba1e0;
L_0x5ed3001bc620 .functor MUXZ 32, L_0x7ca2915ba270, L_0x7ca2915ba228, L_0x5ed3001bc100, C4<>;
S_0x5ed30017aab0 .scope generate, "u[11]" "u[11]" 10 41, 10 41 0, S_0x5ed300169ab0;
 .timescale 0 0;
P_0x5ed30017ac60 .param/l "i" 1 10 41, +C4<01011>;
S_0x5ed30017ad40 .scope generate, "slice_comb_gen" "slice_comb_gen" 10 43, 10 43 0, S_0x5ed30017aab0;
 .timescale 0 0;
v0x5ed30017c010_0 .net *"_ivl_4", 0 0, L_0x5ed3001bd220;  1 drivers
S_0x5ed30017af20 .scope module, "inst" "isqrt_slice_comb" 10 45, 11 1 0, S_0x5ed30017ad40;
 .timescale 0 0;
    .port_info 0 /INPUT 32 "ix";
    .port_info 1 /INPUT 32 "iy";
    .port_info 2 /OUTPUT 32 "ox";
    .port_info 3 /OUTPUT 32 "oy";
P_0x5ed30017b120 .param/l "m" 0 11 3, C4<00000000000000000000000100000000>;
L_0x7ca2915ba2b8 .functor BUFT 1, C4<00000000000000000000000100000000>, C4<0>, C4<0>, C4<0>;
L_0x5ed3001bc930 .functor OR 32, L_0x5ed3001c1b10, L_0x7ca2915ba2b8, C4<00000000000000000000000000000000>, C4<00000000000000000000000000000000>;
L_0x5ed3001bcc20 .functor OR 32, L_0x5ed3001bce70, L_0x5ed3001bcfb0, C4<00000000000000000000000000000000>, C4<00000000000000000000000000000000>;
v0x5ed30017b2f0_0 .net/2u *"_ivl_0", 31 0, L_0x7ca2915ba2b8;  1 drivers
v0x5ed30017b3f0_0 .net *"_ivl_10", 31 0, L_0x5ed3001bce70;  1 drivers
v0x5ed30017b4d0_0 .net *"_ivl_12", 30 0, L_0x5ed3001bcdd0;  1 drivers
L_0x7ca2915ba300 .functor BUFT 1, C4<0>, C4<0>, C4<0>, C4<0>;
v0x5ed30017b5c0_0 .net *"_ivl_14", 0 0, L_0x7ca2915ba300;  1 drivers
L_0x7ca2915ba348 .functor BUFT 1, C4<00000000000000000000000100000000>, C4<0>, C4<0>, C4<0>;
v0x5ed30017b6a0_0 .net/2u *"_ivl_16", 31 0, L_0x7ca2915ba348;  1 drivers
L_0x7ca2915ba390 .functor BUFT 1, C4<00000000000000000000000000000000>, C4<0>, C4<0>, C4<0>;
v0x5ed30017b7d0_0 .net/2u *"_ivl_18", 31 0, L_0x7ca2915ba390;  1 drivers
v0x5ed30017b8b0_0 .net *"_ivl_20", 31 0, L_0x5ed3001bcfb0;  1 drivers
v0x5ed30017b990_0 .net *"_ivl_6", 31 0, L_0x5ed3001bcb80;  1 drivers
v0x5ed30017ba70_0 .net "b", 31 0, L_0x5ed3001bc930;  1 drivers
v0x5ed30017bb50_0 .net "ix", 31 0, L_0x5ed3001c1aa0;  alias, 1 drivers
v0x5ed30017bc30_0 .net "iy", 31 0, L_0x5ed3001c1b10;  alias, 1 drivers
v0x5ed30017bd10_0 .net "ox", 31 0, L_0x5ed3001bcc90;  alias, 1 drivers
v0x5ed30017bdf0_0 .net "oy", 31 0, L_0x5ed3001bcc20;  alias, 1 drivers
v0x5ed30017bed0_0 .net "x_ge_b", 0 0, L_0x5ed3001bca40;  1 drivers
L_0x5ed3001bca40 .cmp/ge 32, L_0x5ed3001c1aa0, L_0x5ed3001bc930;
L_0x5ed3001bcb80 .arith/sub 32, L_0x5ed3001c1aa0, L_0x5ed3001bc930;
L_0x5ed3001bcc90 .functor MUXZ 32, L_0x5ed3001c1aa0, L_0x5ed3001bcb80, L_0x5ed3001bca40, C4<>;
L_0x5ed3001bcdd0 .part L_0x5ed3001c1b10, 1, 31;
L_0x5ed3001bce70 .concat [ 31 1 0 0], L_0x5ed3001bcdd0, L_0x7ca2915ba300;
L_0x5ed3001bcfb0 .functor MUXZ 32, L_0x7ca2915ba390, L_0x7ca2915ba348, L_0x5ed3001bca40, C4<>;
S_0x5ed30017c110 .scope generate, "u[12]" "u[12]" 10 41, 10 41 0, S_0x5ed300169ab0;
 .timescale 0 0;
P_0x5ed30017c2c0 .param/l "i" 1 10 41, +C4<01100>;
S_0x5ed30017c3a0 .scope generate, "slice_comb_gen" "slice_comb_gen" 10 43, 10 43 0, S_0x5ed30017c110;
 .timescale 0 0;
v0x5ed30017d670_0 .net *"_ivl_4", 0 0, L_0x5ed3001bdc20;  1 drivers
S_0x5ed30017c580 .scope module, "inst" "isqrt_slice_comb" 10 45, 11 1 0, S_0x5ed30017c3a0;
 .timescale 0 0;
    .port_info 0 /INPUT 32 "ix";
    .port_info 1 /INPUT 32 "iy";
    .port_info 2 /OUTPUT 32 "ox";
    .port_info 3 /OUTPUT 32 "oy";
P_0x5ed30017c780 .param/l "m" 0 11 3, C4<00000000000000000000000001000000>;
L_0x7ca2915ba3d8 .functor BUFT 1, C4<00000000000000000000000001000000>, C4<0>, C4<0>, C4<0>;
L_0x5ed3001bd330 .functor OR 32, L_0x5ed3001c1d20, L_0x7ca2915ba3d8, C4<00000000000000000000000000000000>, C4<00000000000000000000000000000000>;
L_0x5ed3001bd620 .functor OR 32, L_0x5ed3001bd870, L_0x5ed3001bd9b0, C4<00000000000000000000000000000000>, C4<00000000000000000000000000000000>;
v0x5ed30017c950_0 .net/2u *"_ivl_0", 31 0, L_0x7ca2915ba3d8;  1 drivers
v0x5ed30017ca50_0 .net *"_ivl_10", 31 0, L_0x5ed3001bd870;  1 drivers
v0x5ed30017cb30_0 .net *"_ivl_12", 30 0, L_0x5ed3001bd7d0;  1 drivers
L_0x7ca2915ba420 .functor BUFT 1, C4<0>, C4<0>, C4<0>, C4<0>;
v0x5ed30017cc20_0 .net *"_ivl_14", 0 0, L_0x7ca2915ba420;  1 drivers
L_0x7ca2915ba468 .functor BUFT 1, C4<00000000000000000000000001000000>, C4<0>, C4<0>, C4<0>;
v0x5ed30017cd00_0 .net/2u *"_ivl_16", 31 0, L_0x7ca2915ba468;  1 drivers
L_0x7ca2915ba4b0 .functor BUFT 1, C4<00000000000000000000000000000000>, C4<0>, C4<0>, C4<0>;
v0x5ed30017ce30_0 .net/2u *"_ivl_18", 31 0, L_0x7ca2915ba4b0;  1 drivers
v0x5ed30017cf10_0 .net *"_ivl_20", 31 0, L_0x5ed3001bd9b0;  1 drivers
v0x5ed30017cff0_0 .net *"_ivl_6", 31 0, L_0x5ed3001bd580;  1 drivers
v0x5ed30017d0d0_0 .net "b", 31 0, L_0x5ed3001bd330;  1 drivers
v0x5ed30017d1b0_0 .net "ix", 31 0, L_0x5ed3001c1cb0;  alias, 1 drivers
v0x5ed30017d290_0 .net "iy", 31 0, L_0x5ed3001c1d20;  alias, 1 drivers
v0x5ed30017d370_0 .net "ox", 31 0, L_0x5ed3001bd690;  alias, 1 drivers
v0x5ed30017d450_0 .net "oy", 31 0, L_0x5ed3001bd620;  alias, 1 drivers
v0x5ed30017d530_0 .net "x_ge_b", 0 0, L_0x5ed3001bd440;  1 drivers
L_0x5ed3001bd440 .cmp/ge 32, L_0x5ed3001c1cb0, L_0x5ed3001bd330;
L_0x5ed3001bd580 .arith/sub 32, L_0x5ed3001c1cb0, L_0x5ed3001bd330;
L_0x5ed3001bd690 .functor MUXZ 32, L_0x5ed3001c1cb0, L_0x5ed3001bd580, L_0x5ed3001bd440, C4<>;
L_0x5ed3001bd7d0 .part L_0x5ed3001c1d20, 1, 31;
L_0x5ed3001bd870 .concat [ 31 1 0 0], L_0x5ed3001bd7d0, L_0x7ca2915ba420;
L_0x5ed3001bd9b0 .functor MUXZ 32, L_0x7ca2915ba4b0, L_0x7ca2915ba468, L_0x5ed3001bd440, C4<>;
S_0x5ed30017d770 .scope generate, "u[13]" "u[13]" 10 41, 10 41 0, S_0x5ed300169ab0;
 .timescale 0 0;
P_0x5ed30017d920 .param/l "i" 1 10 41, +C4<01101>;
S_0x5ed30017da00 .scope generate, "slice_comb_gen" "slice_comb_gen" 10 43, 10 43 0, S_0x5ed30017d770;
 .timescale 0 0;
v0x5ed30017ecd0_0 .net *"_ivl_4", 0 0, L_0x5ed3001be640;  1 drivers
S_0x5ed30017dbe0 .scope module, "inst" "isqrt_slice_comb" 10 45, 11 1 0, S_0x5ed30017da00;
 .timescale 0 0;
    .port_info 0 /INPUT 32 "ix";
    .port_info 1 /INPUT 32 "iy";
    .port_info 2 /OUTPUT 32 "ox";
    .port_info 3 /OUTPUT 32 "oy";
P_0x5ed30017dde0 .param/l "m" 0 11 3, C4<00000000000000000000000000010000>;
L_0x7ca2915ba4f8 .functor BUFT 1, C4<00000000000000000000000000010000>, C4<0>, C4<0>, C4<0>;
L_0x5ed3001bdcc0 .functor OR 32, L_0x5ed3001c2030, L_0x7ca2915ba4f8, C4<00000000000000000000000000000000>, C4<00000000000000000000000000000000>;
L_0x5ed3001bdfb0 .functor OR 32, L_0x5ed3001be290, L_0x5ed3001be3d0, C4<00000000000000000000000000000000>, C4<00000000000000000000000000000000>;
v0x5ed30017dfb0_0 .net/2u *"_ivl_0", 31 0, L_0x7ca2915ba4f8;  1 drivers
v0x5ed30017e0b0_0 .net *"_ivl_10", 31 0, L_0x5ed3001be290;  1 drivers
v0x5ed30017e190_0 .net *"_ivl_12", 30 0, L_0x5ed3001be1f0;  1 drivers
L_0x7ca2915ba540 .functor BUFT 1, C4<0>, C4<0>, C4<0>, C4<0>;
v0x5ed30017e280_0 .net *"_ivl_14", 0 0, L_0x7ca2915ba540;  1 drivers
L_0x7ca2915ba588 .functor BUFT 1, C4<00000000000000000000000000010000>, C4<0>, C4<0>, C4<0>;
v0x5ed30017e360_0 .net/2u *"_ivl_16", 31 0, L_0x7ca2915ba588;  1 drivers
L_0x7ca2915ba5d0 .functor BUFT 1, C4<00000000000000000000000000000000>, C4<0>, C4<0>, C4<0>;
v0x5ed30017e490_0 .net/2u *"_ivl_18", 31 0, L_0x7ca2915ba5d0;  1 drivers
v0x5ed30017e570_0 .net *"_ivl_20", 31 0, L_0x5ed3001be3d0;  1 drivers
v0x5ed30017e650_0 .net *"_ivl_6", 31 0, L_0x5ed3001bdf10;  1 drivers
v0x5ed30017e730_0 .net "b", 31 0, L_0x5ed3001bdcc0;  1 drivers
v0x5ed30017e810_0 .net "ix", 31 0, L_0x5ed3001c1fc0;  alias, 1 drivers
v0x5ed30017e8f0_0 .net "iy", 31 0, L_0x5ed3001c2030;  alias, 1 drivers
v0x5ed30017e9d0_0 .net "ox", 31 0, L_0x5ed3001be020;  alias, 1 drivers
v0x5ed30017eab0_0 .net "oy", 31 0, L_0x5ed3001bdfb0;  alias, 1 drivers
v0x5ed30017eb90_0 .net "x_ge_b", 0 0, L_0x5ed3001bddd0;  1 drivers
L_0x5ed3001bddd0 .cmp/ge 32, L_0x5ed3001c1fc0, L_0x5ed3001bdcc0;
L_0x5ed3001bdf10 .arith/sub 32, L_0x5ed3001c1fc0, L_0x5ed3001bdcc0;
L_0x5ed3001be020 .functor MUXZ 32, L_0x5ed3001c1fc0, L_0x5ed3001bdf10, L_0x5ed3001bddd0, C4<>;
L_0x5ed3001be1f0 .part L_0x5ed3001c2030, 1, 31;
L_0x5ed3001be290 .concat [ 31 1 0 0], L_0x5ed3001be1f0, L_0x7ca2915ba540;
L_0x5ed3001be3d0 .functor MUXZ 32, L_0x7ca2915ba5d0, L_0x7ca2915ba588, L_0x5ed3001bddd0, C4<>;
S_0x5ed30017edd0 .scope generate, "u[14]" "u[14]" 10 41, 10 41 0, S_0x5ed300169ab0;
 .timescale 0 0;
P_0x5ed30017ef80 .param/l "i" 1 10 41, +C4<01110>;
S_0x5ed30017f060 .scope generate, "slice_reg_gen" "slice_reg_gen" 10 43, 10 43 0, S_0x5ed30017edd0;
 .timescale 0 0;
S_0x5ed30017f240 .scope module, "inst" "isqrt_slice_reg" 10 57, 12 1 0, S_0x5ed30017f060;
 .timescale 0 0;
    .port_info 0 /INPUT 1 "clk";
    .port_info 1 /INPUT 1 "rst";
    .port_info 2 /INPUT 1 "ivld";
    .port_info 3 /INPUT 32 "ix";
    .port_info 4 /INPUT 32 "iy";
    .port_info 5 /OUTPUT 1 "ovld";
    .port_info 6 /OUTPUT 32 "ox";
    .port_info 7 /OUTPUT 32 "oy";
P_0x5ed30017f440 .param/l "m" 0 12 3, C4<00000000000000000000000000000100>;
v0x5ed300180720_0 .net "clk", 0 0, v0x5ed300189950_0;  alias, 1 drivers
v0x5ed3001807e0_0 .net "cox", 31 0, L_0x5ed3001bea40;  1 drivers
v0x5ed3001808a0_0 .net "coy", 31 0, L_0x5ed3001be940;  1 drivers
v0x5ed3001809a0_0 .net "ivld", 0 0, L_0x5ed3001bf010;  1 drivers
v0x5ed300180a40_0 .net "ix", 31 0, L_0x5ed3001c21d0;  alias, 1 drivers
v0x5ed300180ae0_0 .net "iy", 31 0, L_0x5ed3001c2240;  alias, 1 drivers
v0x5ed300180bb0_0 .var "ovld", 0 0;
v0x5ed300180c50_0 .var "ox", 31 0;
v0x5ed300180d30_0 .var "oy", 31 0;
v0x5ed300180ea0_0 .net "rst", 0 0, v0x5ed300189fa0_0;  alias, 1 drivers
S_0x5ed30017f690 .scope module, "inst" "isqrt_slice_comb" 12 20, 11 1 0, S_0x5ed30017f240;
 .timescale 0 0;
    .port_info 0 /INPUT 32 "ix";
    .port_info 1 /INPUT 32 "iy";
    .port_info 2 /OUTPUT 32 "ox";
    .port_info 3 /OUTPUT 32 "oy";
P_0x5ed30017f890 .param/l "m" 0 11 3, C4<00000000000000000000000000000100>;
L_0x7ca2915ba618 .functor BUFT 1, C4<00000000000000000000000000000100>, C4<0>, C4<0>, C4<0>;
L_0x5ed3001bd2c0 .functor OR 32, L_0x5ed3001c2240, L_0x7ca2915ba618, C4<00000000000000000000000000000000>, C4<00000000000000000000000000000000>;
L_0x5ed3001be940 .functor OR 32, L_0x5ed3001becb0, L_0x5ed3001beda0, C4<00000000000000000000000000000000>, C4<00000000000000000000000000000000>;
v0x5ed30017fa00_0 .net/2u *"_ivl_0", 31 0, L_0x7ca2915ba618;  1 drivers
v0x5ed30017fb00_0 .net *"_ivl_10", 31 0, L_0x5ed3001becb0;  1 drivers
v0x5ed30017fbe0_0 .net *"_ivl_12", 30 0, L_0x5ed3001beb80;  1 drivers
L_0x7ca2915ba660 .functor BUFT 1, C4<0>, C4<0>, C4<0>, C4<0>;
v0x5ed30017fcd0_0 .net *"_ivl_14", 0 0, L_0x7ca2915ba660;  1 drivers
L_0x7ca2915ba6a8 .functor BUFT 1, C4<00000000000000000000000000000100>, C4<0>, C4<0>, C4<0>;
v0x5ed30017fdb0_0 .net/2u *"_ivl_16", 31 0, L_0x7ca2915ba6a8;  1 drivers
L_0x7ca2915ba6f0 .functor BUFT 1, C4<00000000000000000000000000000000>, C4<0>, C4<0>, C4<0>;
v0x5ed30017fee0_0 .net/2u *"_ivl_18", 31 0, L_0x7ca2915ba6f0;  1 drivers
v0x5ed30017ffc0_0 .net *"_ivl_20", 31 0, L_0x5ed3001beda0;  1 drivers
v0x5ed3001800a0_0 .net *"_ivl_6", 31 0, L_0x5ed3001be8a0;  1 drivers
v0x5ed300180180_0 .net "b", 31 0, L_0x5ed3001bd2c0;  1 drivers
v0x5ed300180260_0 .net "ix", 31 0, L_0x5ed3001c21d0;  alias, 1 drivers
v0x5ed300180340_0 .net "iy", 31 0, L_0x5ed3001c2240;  alias, 1 drivers
v0x5ed300180420_0 .net "ox", 31 0, L_0x5ed3001bea40;  alias, 1 drivers
v0x5ed300180500_0 .net "oy", 31 0, L_0x5ed3001be940;  alias, 1 drivers
v0x5ed3001805e0_0 .net "x_ge_b", 0 0, L_0x5ed3001be7b0;  1 drivers
L_0x5ed3001be7b0 .cmp/ge 32, L_0x5ed3001c21d0, L_0x5ed3001bd2c0;
L_0x5ed3001be8a0 .arith/sub 32, L_0x5ed3001c21d0, L_0x5ed3001bd2c0;
L_0x5ed3001bea40 .functor MUXZ 32, L_0x5ed3001c21d0, L_0x5ed3001be8a0, L_0x5ed3001be7b0, C4<>;
L_0x5ed3001beb80 .part L_0x5ed3001c2240, 1, 31;
L_0x5ed3001becb0 .concat [ 31 1 0 0], L_0x5ed3001beb80, L_0x7ca2915ba660;
L_0x5ed3001beda0 .functor MUXZ 32, L_0x7ca2915ba6f0, L_0x7ca2915ba6a8, L_0x5ed3001be7b0, C4<>;
S_0x5ed300181040 .scope generate, "u[15]" "u[15]" 10 41, 10 41 0, S_0x5ed300169ab0;
 .timescale 0 0;
P_0x5ed3001811f0 .param/l "i" 1 10 41, +C4<01111>;
S_0x5ed3001812d0 .scope generate, "slice_comb_gen" "slice_comb_gen" 10 43, 10 43 0, S_0x5ed300181040;
 .timescale 0 0;
v0x5ed3001825d0_0 .net *"_ivl_4", 0 0, L_0x5ed3001bffb0;  1 drivers
S_0x5ed3001814b0 .scope module, "inst" "isqrt_slice_comb" 10 45, 11 1 0, S_0x5ed3001812d0;
 .timescale 0 0;
    .port_info 0 /INPUT 32 "ix";
    .port_info 1 /INPUT 32 "iy";
    .port_info 2 /OUTPUT 32 "ox";
    .port_info 3 /OUTPUT 32 "oy";
P_0x5ed3001816b0 .param/l "m" 0 11 3, C4<00000000000000000000000000000001>;
L_0x7ca2915ba738 .functor BUFT 1, C4<00000000000000000000000000000001>, C4<0>, C4<0>, C4<0>;
L_0x5ed3001bf0b0 .functor OR 32, L_0x5ed3001c26e0, L_0x7ca2915ba738, C4<00000000000000000000000000000000>, C4<00000000000000000000000000000000>;
L_0x5ed3001bf3a0 .functor OR 32, L_0x5ed3001bf680, L_0x5ed3001bf7c0, C4<00000000000000000000000000000000>, C4<00000000000000000000000000000000>;
v0x5ed3001818b0_0 .net/2u *"_ivl_0", 31 0, L_0x7ca2915ba738;  1 drivers
v0x5ed3001819b0_0 .net *"_ivl_10", 31 0, L_0x5ed3001bf680;  1 drivers
v0x5ed300181a90_0 .net *"_ivl_12", 30 0, L_0x5ed3001bf5e0;  1 drivers
L_0x7ca2915ba780 .functor BUFT 1, C4<0>, C4<0>, C4<0>, C4<0>;
v0x5ed300181b80_0 .net *"_ivl_14", 0 0, L_0x7ca2915ba780;  1 drivers
L_0x7ca2915ba7c8 .functor BUFT 1, C4<00000000000000000000000000000001>, C4<0>, C4<0>, C4<0>;
v0x5ed300181c60_0 .net/2u *"_ivl_16", 31 0, L_0x7ca2915ba7c8;  1 drivers
L_0x7ca2915ba810 .functor BUFT 1, C4<00000000000000000000000000000000>, C4<0>, C4<0>, C4<0>;
v0x5ed300181d90_0 .net/2u *"_ivl_18", 31 0, L_0x7ca2915ba810;  1 drivers
v0x5ed300181e70_0 .net *"_ivl_20", 31 0, L_0x5ed3001bf7c0;  1 drivers
v0x5ed300181f50_0 .net *"_ivl_6", 31 0, L_0x5ed3001bf300;  1 drivers
v0x5ed300182030_0 .net "b", 31 0, L_0x5ed3001bf0b0;  1 drivers
v0x5ed300182110_0 .net "ix", 31 0, L_0x5ed3001c2670;  alias, 1 drivers
v0x5ed3001821f0_0 .net "iy", 31 0, L_0x5ed3001c26e0;  alias, 1 drivers
v0x5ed3001822d0_0 .net "ox", 31 0, L_0x5ed3001bf410;  alias, 1 drivers
v0x5ed3001823b0_0 .net "oy", 31 0, L_0x5ed3001bf3a0;  alias, 1 drivers
v0x5ed300182490_0 .net "x_ge_b", 0 0, L_0x5ed3001bf1c0;  1 drivers
L_0x5ed3001bf1c0 .cmp/ge 32, L_0x5ed3001c2670, L_0x5ed3001bf0b0;
L_0x5ed3001bf300 .arith/sub 32, L_0x5ed3001c2670, L_0x5ed3001bf0b0;
L_0x5ed3001bf410 .functor MUXZ 32, L_0x5ed3001c2670, L_0x5ed3001bf300, L_0x5ed3001bf1c0, C4<>;
L_0x5ed3001bf5e0 .part L_0x5ed3001c26e0, 1, 31;
L_0x5ed3001bf680 .concat [ 31 1 0 0], L_0x5ed3001bf5e0, L_0x7ca2915ba780;
L_0x5ed3001bf7c0 .functor MUXZ 32, L_0x7ca2915ba810, L_0x7ca2915ba7c8, L_0x5ed3001bf1c0, C4<>;
S_0x5ed3001826d0 .scope generate, "v[1]" "v[1]" 10 73, 10 73 0, S_0x5ed300169ab0;
 .timescale 0 0;
P_0x5ed300182990 .param/l "i" 1 10 73, +C4<01>;
L_0x5ed3001c0440 .functor BUFZ 32, L_0x5ed3001b6540, C4<00000000000000000000000000000000>, C4<00000000000000000000000000000000>, C4<00000000000000000000000000000000>;
L_0x5ed3001c04b0 .functor BUFZ 32, L_0x5ed3001b64d0, C4<00000000000000000000000000000000>, C4<00000000000000000000000000000000>, C4<00000000000000000000000000000000>;
v0x5ed300182a70_0 .net *"_ivl_0", 0 0, L_0x5ed3001c02b0;  1 drivers
S_0x5ed300182b50 .scope generate, "v[2]" "v[2]" 10 73, 10 73 0, S_0x5ed300169ab0;
 .timescale 0 0;
P_0x5ed300182d50 .param/l "i" 1 10 73, +C4<010>;
L_0x5ed3001c05c0 .functor BUFZ 32, L_0x5ed3001b6f20, C4<00000000000000000000000000000000>, C4<00000000000000000000000000000000>, C4<00000000000000000000000000000000>;
L_0x5ed3001c0630 .functor BUFZ 32, L_0x5ed3001b6eb0, C4<00000000000000000000000000000000>, C4<00000000000000000000000000000000>, C4<00000000000000000000000000000000>;
v0x5ed300182e30_0 .net *"_ivl_0", 0 0, L_0x5ed3001c0520;  1 drivers
S_0x5ed300182f10 .scope generate, "v[3]" "v[3]" 10 73, 10 73 0, S_0x5ed300169ab0;
 .timescale 0 0;
P_0x5ed300183110 .param/l "i" 1 10 73, +C4<011>;
L_0x5ed3001c0910 .functor BUFZ 32, L_0x5ed3001b7950, C4<00000000000000000000000000000000>, C4<00000000000000000000000000000000>, C4<00000000000000000000000000000000>;
L_0x5ed3001c0980 .functor BUFZ 32, L_0x5ed3001b78e0, C4<00000000000000000000000000000000>, C4<00000000000000000000000000000000>, C4<00000000000000000000000000000000>;
v0x5ed3001831f0_0 .net *"_ivl_0", 0 0, L_0x5ed3001c0730;  1 drivers
S_0x5ed3001832d0 .scope generate, "v[4]" "v[4]" 10 73, 10 73 0, S_0x5ed300169ab0;
 .timescale 0 0;
P_0x5ed3001834d0 .param/l "i" 1 10 73, +C4<0100>;
L_0x5ed3001c0a80 .functor BUFZ 32, L_0x5ed3001b8370, C4<00000000000000000000000000000000>, C4<00000000000000000000000000000000>, C4<00000000000000000000000000000000>;
L_0x5ed3001c0af0 .functor BUFZ 32, L_0x5ed3001b8300, C4<00000000000000000000000000000000>, C4<00000000000000000000000000000000>, C4<00000000000000000000000000000000>;
v0x5ed3001835b0_0 .net *"_ivl_0", 0 0, L_0x5ed3001c03a0;  1 drivers
S_0x5ed300183690 .scope generate, "v[5]" "v[5]" 10 73, 10 73 0, S_0x5ed300169ab0;
 .timescale 0 0;
P_0x5ed300183890 .param/l "i" 1 10 73, +C4<0101>;
L_0x5ed3001c0cc0 .functor BUFZ 32, v0x5ed3001713d0_0, C4<00000000000000000000000000000000>, C4<00000000000000000000000000000000>, C4<00000000000000000000000000000000>;
L_0x5ed3001c0d30 .functor BUFZ 32, v0x5ed3001714b0_0, C4<00000000000000000000000000000000>, C4<00000000000000000000000000000000>, C4<00000000000000000000000000000000>;
v0x5ed300183970_0 .net *"_ivl_0", 0 0, L_0x5ed3001c0b60;  1 drivers
S_0x5ed300183a50 .scope generate, "v[6]" "v[6]" 10 73, 10 73 0, S_0x5ed300169ab0;
 .timescale 0 0;
P_0x5ed300183c50 .param/l "i" 1 10 73, +C4<0110>;
L_0x5ed3001c0ed0 .functor BUFZ 32, L_0x5ed3001b9790, C4<00000000000000000000000000000000>, C4<00000000000000000000000000000000>, C4<00000000000000000000000000000000>;
L_0x5ed3001c0f40 .functor BUFZ 32, L_0x5ed3001b9720, C4<00000000000000000000000000000000>, C4<00000000000000000000000000000000>, C4<00000000000000000000000000000000>;
v0x5ed300183d30_0 .net *"_ivl_0", 0 0, L_0x5ed3001c0e30;  1 drivers
S_0x5ed300183e10 .scope generate, "v[7]" "v[7]" 10 73, 10 73 0, S_0x5ed300169ab0;
 .timescale 0 0;
P_0x5ed300184010 .param/l "i" 1 10 73, +C4<0111>;
L_0x5ed3001c11b0 .functor BUFZ 32, L_0x5ed3001ba1f0, C4<00000000000000000000000000000000>, C4<00000000000000000000000000000000>, C4<00000000000000000000000000000000>;
L_0x5ed3001c1220 .functor BUFZ 32, L_0x5ed3001ba180, C4<00000000000000000000000000000000>, C4<00000000000000000000000000000000>, C4<00000000000000000000000000000000>;
v0x5ed3001840f0_0 .net *"_ivl_0", 0 0, L_0x5ed3001c1040;  1 drivers
S_0x5ed3001841d0 .scope generate, "v[8]" "v[8]" 10 73, 10 73 0, S_0x5ed300169ab0;
 .timescale 0 0;
P_0x5ed3001843d0 .param/l "i" 1 10 73, +C4<01000>;
L_0x5ed3001c1330 .functor BUFZ 32, L_0x5ed3001bac10, C4<00000000000000000000000000000000>, C4<00000000000000000000000000000000>, C4<00000000000000000000000000000000>;
L_0x5ed3001c13a0 .functor BUFZ 32, L_0x5ed3001baba0, C4<00000000000000000000000000000000>, C4<00000000000000000000000000000000>, C4<00000000000000000000000000000000>;
v0x5ed3001844b0_0 .net *"_ivl_0", 0 0, L_0x5ed3001c1290;  1 drivers
S_0x5ed300184590 .scope generate, "v[9]" "v[9]" 10 73, 10 73 0, S_0x5ed300169ab0;
 .timescale 0 0;
P_0x5ed300184790 .param/l "i" 1 10 73, +C4<01001>;
L_0x5ed3001c1620 .functor BUFZ 32, L_0x5ed3001bb680, C4<00000000000000000000000000000000>, C4<00000000000000000000000000000000>, C4<00000000000000000000000000000000>;
L_0x5ed3001c1690 .functor BUFZ 32, L_0x5ed3001bb610, C4<00000000000000000000000000000000>, C4<00000000000000000000000000000000>, C4<00000000000000000000000000000000>;
v0x5ed300184870_0 .net *"_ivl_0", 0 0, L_0x5ed3001c14a0;  1 drivers
S_0x5ed300184950 .scope generate, "v[10]" "v[10]" 10 73, 10 73 0, S_0x5ed300169ab0;
 .timescale 0 0;
P_0x5ed300184b50 .param/l "i" 1 10 73, +C4<01010>;
L_0x5ed3001c17a0 .functor BUFZ 32, v0x5ed300179030_0, C4<00000000000000000000000000000000>, C4<00000000000000000000000000000000>, C4<00000000000000000000000000000000>;
L_0x5ed3001c1810 .functor BUFZ 32, v0x5ed300179110_0, C4<00000000000000000000000000000000>, C4<00000000000000000000000000000000>, C4<00000000000000000000000000000000>;
v0x5ed300184c30_0 .net *"_ivl_0", 0 0, L_0x5ed3001c1700;  1 drivers
S_0x5ed300184d10 .scope generate, "v[11]" "v[11]" 10 73, 10 73 0, S_0x5ed300169ab0;
 .timescale 0 0;
P_0x5ed300184f10 .param/l "i" 1 10 73, +C4<01011>;
L_0x5ed3001c1aa0 .functor BUFZ 32, L_0x5ed3001bc2b0, C4<00000000000000000000000000000000>, C4<00000000000000000000000000000000>, C4<00000000000000000000000000000000>;
L_0x5ed3001c1b10 .functor BUFZ 32, L_0x5ed3001bc240, C4<00000000000000000000000000000000>, C4<00000000000000000000000000000000>, C4<00000000000000000000000000000000>;
v0x5ed300184ff0_0 .net *"_ivl_0", 0 0, L_0x5ed3001c1910;  1 drivers
S_0x5ed3001850d0 .scope generate, "v[12]" "v[12]" 10 73, 10 73 0, S_0x5ed300169ab0;
 .timescale 0 0;
P_0x5ed3001852d0 .param/l "i" 1 10 73, +C4<01100>;
L_0x5ed3001c1cb0 .functor BUFZ 32, L_0x5ed3001bcc90, C4<00000000000000000000000000000000>, C4<00000000000000000000000000000000>, C4<00000000000000000000000000000000>;
L_0x5ed3001c1d20 .functor BUFZ 32, L_0x5ed3001bcc20, C4<00000000000000000000000000000000>, C4<00000000000000000000000000000000>, C4<00000000000000000000000000000000>;
v0x5ed3001853b0_0 .net *"_ivl_0", 0 0, L_0x5ed3001c1c10;  1 drivers
S_0x5ed300185490 .scope generate, "v[13]" "v[13]" 10 73, 10 73 0, S_0x5ed300169ab0;
 .timescale 0 0;
P_0x5ed300185690 .param/l "i" 1 10 73, +C4<01101>;
L_0x5ed3001c1fc0 .functor BUFZ 32, L_0x5ed3001bd690, C4<00000000000000000000000000000000>, C4<00000000000000000000000000000000>, C4<00000000000000000000000000000000>;
L_0x5ed3001c2030 .functor BUFZ 32, L_0x5ed3001bd620, C4<00000000000000000000000000000000>, C4<00000000000000000000000000000000>, C4<00000000000000000000000000000000>;
v0x5ed300185770_0 .net *"_ivl_0", 0 0, L_0x5ed3001c1e20;  1 drivers
S_0x5ed300185850 .scope generate, "v[14]" "v[14]" 10 73, 10 73 0, S_0x5ed300169ab0;
 .timescale 0 0;
P_0x5ed300185a50 .param/l "i" 1 10 73, +C4<01110>;
L_0x5ed3001c21d0 .functor BUFZ 32, L_0x5ed3001be020, C4<00000000000000000000000000000000>, C4<00000000000000000000000000000000>, C4<00000000000000000000000000000000>;
L_0x5ed3001c2240 .functor BUFZ 32, L_0x5ed3001bdfb0, C4<00000000000000000000000000000000>, C4<00000000000000000000000000000000>, C4<00000000000000000000000000000000>;
v0x5ed300185b30_0 .net *"_ivl_0", 0 0, L_0x5ed3001c2130;  1 drivers
S_0x5ed300185c10 .scope generate, "v[15]" "v[15]" 10 73, 10 73 0, S_0x5ed300169ab0;
 .timescale 0 0;
P_0x5ed300185e10 .param/l "i" 1 10 73, +C4<01111>;
L_0x5ed3001c2670 .functor BUFZ 32, v0x5ed300180c50_0, C4<00000000000000000000000000000000>, C4<00000000000000000000000000000000>, C4<00000000000000000000000000000000>;
L_0x5ed3001c26e0 .functor BUFZ 32, v0x5ed300180d30_0, C4<00000000000000000000000000000000>, C4<00000000000000000000000000000000>, C4<00000000000000000000000000000000>;
v0x5ed300185ef0_0 .net *"_ivl_0", 0 0, L_0x5ed3001c22b0;  1 drivers
S_0x5ed300188690 .scope function.vec4.s16, "isqrt_fn" "isqrt_fn" 13 7, 13 7 0, S_0x5ed3000fbf20;
 .timescale 0 0;
v0x5ed300188870_0 .var "b", 31 0;
; Variable isqrt_fn is vec4 return value of scope S_0x5ed300188690
v0x5ed3001889b0_0 .var "m", 31 0;
v0x5ed300188a50_0 .var "tx", 31 0;
v0x5ed300188af0_0 .var "ty", 31 0;
v0x5ed300188be0_0 .var "x", 31 0;
TD_tb.i_formula_2_pipe_using_fifos_tb.isqrt_fn ;
    %pushi/vec4 1073741824, 0, 32;
    %store/vec4 v0x5ed3001889b0_0, 0, 32;
    %load/vec4 v0x5ed300188be0_0;
    %store/vec4 v0x5ed300188a50_0, 0, 32;
    %pushi/vec4 0, 0, 32;
    %store/vec4 v0x5ed300188af0_0, 0, 32;
    %pushi/vec4 16, 0, 32;
T_2.0 %dup/vec4;
    %pushi/vec4 0, 0, 32;
    %cmp/s;
    %jmp/1xz T_2.1, 5;
    %jmp/1 T_2.1, 4;
    %pushi/vec4 1, 0, 32;
    %sub;
    %load/vec4 v0x5ed300188af0_0;
    %load/vec4 v0x5ed3001889b0_0;
    %or;
    %store/vec4 v0x5ed300188870_0, 0, 32;
    %load/vec4 v0x5ed300188af0_0;
    %ix/load 4, 1, 0;
    %flag_set/imm 4, 0;
    %shiftr 4;
    %store/vec4 v0x5ed300188af0_0, 0, 32;
    %load/vec4 v0x5ed300188870_0;
    %load/vec4 v0x5ed300188a50_0;
    %cmp/u;
    %flag_or 5, 4;
    %jmp/0xz  T_2.2, 5;
    %load/vec4 v0x5ed300188a50_0;
    %load/vec4 v0x5ed300188870_0;
    %sub;
    %store/vec4 v0x5ed300188a50_0, 0, 32;
    %load/vec4 v0x5ed300188af0_0;
    %load/vec4 v0x5ed3001889b0_0;
    %or;
    %store/vec4 v0x5ed300188af0_0, 0, 32;
T_2.2 ;
    %load/vec4 v0x5ed3001889b0_0;
    %ix/load 4, 2, 0;
    %flag_set/imm 4, 0;
    %shiftr 4;
    %store/vec4 v0x5ed3001889b0_0, 0, 32;
    %jmp T_2.0;
T_2.1 ;
    %pop/vec4 1;
    %load/vec4 v0x5ed300188af0_0;
    %parti/s 16, 0, 2;
    %ret/vec4 0, 0, 16;  Assign to isqrt_fn (store_vec4_to_lval)
    %disable/flow S_0x5ed300188690;
    %end;
S_0x5ed300188c80 .scope task, "reset" "reset" 5 80, 5 80 0, S_0x5ed3000fbf20;
 .timescale 0 0;
TD_tb.i_formula_2_pipe_using_fifos_tb.reset ;
    %pushi/vec4 1, 1, 1;
    %assign/vec4 v0x5ed300189fa0_0, 0;
    %pushi/vec4 3, 0, 32;
T_3.4 %dup/vec4;
    %pushi/vec4 0, 0, 32;
    %cmp/s;
    %jmp/1xz T_3.5, 5;
    %jmp/1 T_3.5, 4;
    %pushi/vec4 1, 0, 32;
    %sub;
    %wait E_0x5ed3001551c0;
    %jmp T_3.4;
T_3.5 ;
    %pop/vec4 1;
    %pushi/vec4 1, 0, 1;
    %assign/vec4 v0x5ed300189fa0_0, 0;
    %pushi/vec4 3, 0, 32;
T_3.6 %dup/vec4;
    %pushi/vec4 0, 0, 32;
    %cmp/s;
    %jmp/1xz T_3.7, 5;
    %jmp/1 T_3.7, 4;
    %pushi/vec4 1, 0, 32;
    %sub;
    %wait E_0x5ed3001551c0;
    %jmp T_3.6;
T_3.7 ;
    %pop/vec4 1;
    %pushi/vec4 0, 0, 1;
    %assign/vec4 v0x5ed300189fa0_0, 0;
    %end;
S_0x5ed300188e60 .scope task, "run" "run" 5 111, 5 111 0, S_0x5ed3000fbf20;
 .timescale 0 0;
TD_tb.i_formula_2_pipe_using_fifos_tb.run ;
    %pushi/vec4 0, 0, 1;
    %store/vec4 v0x5ed30018a040_0, 0, 1;
    %pushi/vec4 1, 0, 1;
    %store/vec4 v0x5ed3001899f0_0, 0, 1;
    %delay 1, 0;
    %vpi_call/w 5 132 "$display", "--------------------------------------------------" {0 0 0};
    %vpi_call/w 5 133 "$display", "Running %m" {0 0 0};
    %pushi/vec4 0, 0, 1;
    %assign/vec4 v0x5ed3001896d0_0, 0;
    %fork TD_tb.i_formula_2_pipe_using_fifos_tb.reset, S_0x5ed300188c80;
    %join;
    %pushi/vec4 1, 0, 32;
    %assign/vec4 v0x5ed300189540_0, 0;
    %pushi/vec4 4, 0, 32;
    %assign/vec4 v0x5ed300189770_0, 0;
    %pushi/vec4 9, 0, 32;
    %assign/vec4 v0x5ed300189810_0, 0;
    %pushi/vec4 1, 0, 1;
    %assign/vec4 v0x5ed3001896d0_0, 0;
    %wait E_0x5ed3001551c0;
    %pushi/vec4 0, 0, 1;
    %assign/vec4 v0x5ed3001896d0_0, 0;
T_4.8 ;
    %load/vec4 v0x5ed300189f00_0;
    %inv;
    %flag_set/vec4 8;
    %jmp/0xz T_4.9, 8;
    %wait E_0x5ed3001551c0;
    %jmp T_4.8;
T_4.9 ;
    %fork t_1, S_0x5ed300189040;
    %jmp t_0;
    .scope S_0x5ed300189040;
t_1 ;
    %pushi/vec4 0, 0, 32;
    %store/vec4 v0x5ed300189220_0, 0, 32;
T_4.10 ;
    %load/vec4 v0x5ed300189220_0;
    %cmpi/s 100, 0, 32;
    %jmp/0xz T_4.11, 5;
    %load/vec4 v0x5ed300189220_0;
    %assign/vec4 v0x5ed300189540_0, 0;
    %load/vec4 v0x5ed300189220_0;
    %assign/vec4 v0x5ed300189770_0, 0;
    %load/vec4 v0x5ed300189220_0;
    %assign/vec4 v0x5ed300189810_0, 0;
    %pushi/vec4 1, 0, 1;
    %assign/vec4 v0x5ed3001896d0_0, 0;
    %wait E_0x5ed3001551c0;
    %pushi/vec4 0, 0, 1;
    %assign/vec4 v0x5ed3001896d0_0, 0;
T_4.12 ;
    %pushi/vec4 0, 0, 1;
    %load/vec4 v0x5ed300189f00_0;
    %inv;
    %and;
    %flag_set/vec4 8;
    %jmp/0xz T_4.13, 8;
    %wait E_0x5ed3001551c0;
    %jmp T_4.12;
T_4.13 ;
    %load/vec4 v0x5ed300189220_0;
    %muli 3, 0, 32;
    %addi 1, 0, 32;
    %cast2;
    %store/vec4 v0x5ed300189220_0, 0, 32;
    %jmp T_4.10;
T_4.11 ;
    %end;
    .scope S_0x5ed300188e60;
t_0 %join;
    %pushi/vec4 116, 0, 32;
T_4.14 %dup/vec4;
    %pushi/vec4 0, 0, 32;
    %cmp/s;
    %jmp/1xz T_4.15, 5;
    %jmp/1 T_4.15, 4;
    %pushi/vec4 1, 0, 32;
    %sub;
    %wait E_0x5ed3001551c0;
    %jmp T_4.14;
T_4.15 ;
    %pop/vec4 1;
    %fork t_3, S_0x5ed3001892c0;
    %jmp t_2;
    .scope S_0x5ed3001892c0;
t_3 ;
    %pushi/vec4 0, 0, 32;
    %store/vec4 v0x5ed3001894a0_0, 0, 32;
T_4.16 ;
    %load/vec4 v0x5ed3001894a0_0;
    %cmpi/s 1000, 0, 32;
    %jmp/0xz T_4.17, 5;
    %load/vec4 v0x5ed3001894a0_0;
    %assign/vec4 v0x5ed300189540_0, 0;
    %load/vec4 v0x5ed3001894a0_0;
    %addi 1, 0, 32;
    %assign/vec4 v0x5ed300189770_0, 0;
    %load/vec4 v0x5ed3001894a0_0;
    %muli 2, 0, 32;
    %assign/vec4 v0x5ed300189810_0, 0;
    %pushi/vec4 1, 0, 1;
    %assign/vec4 v0x5ed3001896d0_0, 0;
    %wait E_0x5ed3001551c0;
    %pushi/vec4 0, 0, 1;
    %assign/vec4 v0x5ed3001896d0_0, 0;
T_4.18 ;
    %pushi/vec4 0, 0, 1;
    %load/vec4 v0x5ed300189f00_0;
    %inv;
    %and;
    %flag_set/vec4 8;
    %jmp/0xz T_4.19, 8;
    %wait E_0x5ed3001551c0;
    %jmp T_4.18;
T_4.19 ;
    %load/vec4 v0x5ed3001894a0_0;
    %pushi/vec4 10, 0, 32;
    %div/s;
T_4.20 %dup/vec4;
    %pushi/vec4 0, 0, 32;
    %cmp/s;
    %jmp/1xz T_4.21, 5;
    %jmp/1 T_4.21, 4;
    %pushi/vec4 1, 0, 32;
    %sub;
    %wait E_0x5ed3001551c0;
    %jmp T_4.20;
T_4.21 ;
    %pop/vec4 1;
    %load/vec4 v0x5ed3001894a0_0;
    %muli 3, 0, 32;
    %addi 1, 0, 32;
    %cast2;
    %store/vec4 v0x5ed3001894a0_0, 0, 32;
    %jmp T_4.16;
T_4.17 ;
    %end;
    .scope S_0x5ed300188e60;
t_2 %join;
    %pushi/vec4 116, 0, 32;
T_4.22 %dup/vec4;
    %pushi/vec4 0, 0, 32;
    %cmp/s;
    %jmp/1xz T_4.23, 5;
    %jmp/1 T_4.23, 4;
    %pushi/vec4 1, 0, 32;
    %sub;
    %wait E_0x5ed3001551c0;
    %jmp T_4.22;
T_4.23 ;
    %pop/vec4 1;
    %pushi/vec4 10, 0, 32;
T_4.24 %dup/vec4;
    %pushi/vec4 0, 0, 32;
    %cmp/s;
    %jmp/1xz T_4.25, 5;
    %jmp/1 T_4.25, 4;
    %pushi/vec4 1, 0, 32;
    %sub;
    %vpi_func 5 205 "$urandom" 32 {0 0 0};
    %assign/vec4 v0x5ed300189540_0, 0;
    %vpi_func 5 206 "$urandom" 32 {0 0 0};
    %assign/vec4 v0x5ed300189770_0, 0;
    %vpi_func 5 207 "$urandom" 32 {0 0 0};
    %assign/vec4 v0x5ed300189810_0, 0;
    %pushi/vec4 1, 0, 1;
    %assign/vec4 v0x5ed3001896d0_0, 0;
    %wait E_0x5ed3001551c0;
    %pushi/vec4 0, 0, 1;
    %assign/vec4 v0x5ed3001896d0_0, 0;
T_4.26 ;
    %pushi/vec4 0, 0, 1;
    %load/vec4 v0x5ed300189f00_0;
    %inv;
    %and;
    %flag_set/vec4 8;
    %jmp/0xz T_4.27, 8;
    %wait E_0x5ed3001551c0;
    %jmp T_4.26;
T_4.27 ;
    %vpi_func 5 220 "$urandom_range" 32, 32'sb00000000000000000000000000000000, P_0x5ed30002c010 {0 0 0};
T_4.28 %dup/vec4;
    %pushi/vec4 0, 0, 32;
    %cmp/u;
    %jmp/1 T_4.29, 4;
    %pushi/vec4 1, 0, 32;
    %sub;
    %wait E_0x5ed3001551c0;
    %jmp T_4.28;
T_4.29 ;
    %pop/vec4 1;
    %jmp T_4.24;
T_4.25 ;
    %pop/vec4 1;
    %pushi/vec4 116, 0, 32;
T_4.30 %dup/vec4;
    %pushi/vec4 0, 0, 32;
    %cmp/s;
    %jmp/1xz T_4.31, 5;
    %jmp/1 T_4.31, 4;
    %pushi/vec4 1, 0, 32;
    %sub;
    %wait E_0x5ed3001551c0;
    %jmp T_4.30;
T_4.31 ;
    %pop/vec4 1;
    %pushi/vec4 0, 0, 1;
    %store/vec4 v0x5ed3001899f0_0, 0, 1;
    %pushi/vec4 1, 0, 1;
    %store/vec4 v0x5ed30018a040_0, 0, 1;
    %end;
S_0x5ed300189040 .scope begin, "$ivl_for_loop0" "$ivl_for_loop0" 5 156, 5 156 0, S_0x5ed300188e60;
 .timescale 0 0;
v0x5ed300189220_0 .var/2s "i", 31 0;
S_0x5ed3001892c0 .scope begin, "$ivl_for_loop1" "$ivl_for_loop1" 5 177, 5 177 0, S_0x5ed300188e60;
 .timescale 0 0;
v0x5ed3001894a0_0 .var/2s "i", 31 0;
    .scope S_0x5ed30005ed60;
T_5 ;
    %wait E_0x5ed2fffaa260;
    %load/vec4 v0x5ed300031fd0_0;
    %flag_set/vec4 8;
    %jmp/0xz  T_5.0, 8;
    %pushi/vec4 0, 0, 8;
    %assign/vec4 v0x5ed30002f090_0, 0;
    %jmp T_5.1;
T_5.0 ;
    %load/vec4 v0x5ed30002f090_0;
    %parti/s 7, 0, 2;
    %load/vec4 v0x5ed3000316c0_0;
    %concat/vec4; draw_concat_vec4
    %assign/vec4 v0x5ed30002f090_0, 0;
T_5.1 ;
    %jmp T_5;
    .thread T_5;
    .scope S_0x5ed300075070;
T_6 ;
    %wait E_0x5ed2fff4c900;
    %load/vec4 v0x5ed3000dfcf0_0;
    %ix/load 3, 0, 0;
    %flag_set/imm 4, 0;
    %ix/load 4, 0, 0; Constant delay
    %assign/vec4/a/d v0x5ed3000def50, 0, 4;
    %fork t_5, S_0x5ed3000cea90;
    %jmp t_4;
    .scope S_0x5ed3000cea90;
t_5 ;
    %pushi/vec4 1, 0, 32;
    %store/vec4 v0x5ed3000320a0_0, 0, 32;
T_6.0 ;
    %load/vec4 v0x5ed3000320a0_0;
    %cmpi/s 8, 0, 32;
    %jmp/0xz T_6.1, 5;
    %load/vec4 v0x5ed3000320a0_0;
    %subi 1, 0, 32;
    %ix/vec4/s 4;
    %load/vec4a v0x5ed3000def50, 4;
    %ix/getv/s 3, v0x5ed3000320a0_0;
    %ix/load 4, 0, 0; Constant delay
    %assign/vec4/a/d v0x5ed3000def50, 0, 4;
    ; show_stmt_assign_vector: Get l-value for compressed += operand
    %load/vec4 v0x5ed3000320a0_0;
    %pushi/vec4 1, 0, 32;
    %add;
    %cast2;
    %store/vec4 v0x5ed3000320a0_0, 0, 32;
    %jmp T_6.0;
T_6.1 ;
    %end;
    .scope S_0x5ed300075070;
t_4 %join;
    %jmp T_6;
    .thread T_6;
    .scope S_0x5ed3001242e0;
T_7 ;
    %wait E_0x5ed2fffab9c0;
    %load/vec4 v0x5ed300137150_0;
    %flag_set/vec4 8;
    %jmp/0xz  T_7.0, 8;
    %pushi/vec4 0, 0, 2;
    %assign/vec4 v0x5ed300137640_0, 0;
    %jmp T_7.1;
T_7.0 ;
    %load/vec4 v0x5ed300135c20_0;
    %flag_set/vec4 8;
    %jmp/0xz  T_7.2, 8;
    %load/vec4 v0x5ed300137640_0;
    %cmpi/e 2, 0, 2;
    %flag_mov 8, 4;
    %jmp/0 T_7.4, 8;
    %pushi/vec4 0, 0, 2;
    %jmp/1 T_7.5, 8;
T_7.4 ; End of true expr.
    %load/vec4 v0x5ed300137640_0;
    %addi 1, 0, 2;
    %jmp/0 T_7.5, 8;
 ; End of false expr.
    %blend;
T_7.5;
    %assign/vec4 v0x5ed300137640_0, 0;
T_7.2 ;
T_7.1 ;
    %jmp T_7;
    .thread T_7;
    .scope S_0x5ed3001242e0;
T_8 ;
    %wait E_0x5ed2fffab9c0;
    %load/vec4 v0x5ed300137150_0;
    %flag_set/vec4 8;
    %jmp/0xz  T_8.0, 8;
    %pushi/vec4 0, 0, 2;
    %assign/vec4 v0x5ed300136280_0, 0;
    %jmp T_8.1;
T_8.0 ;
    %load/vec4 v0x5ed300134ec0_0;
    %flag_set/vec4 8;
    %jmp/0xz  T_8.2, 8;
    %load/vec4 v0x5ed300136280_0;
    %cmpi/e 2, 0, 2;
    %flag_mov 8, 4;
    %jmp/0 T_8.4, 8;
    %pushi/vec4 0, 0, 2;
    %jmp/1 T_8.5, 8;
T_8.4 ; End of true expr.
    %load/vec4 v0x5ed300136280_0;
    %addi 1, 0, 2;
    %jmp/0 T_8.5, 8;
 ; End of false expr.
    %blend;
T_8.5;
    %assign/vec4 v0x5ed300136280_0, 0;
T_8.2 ;
T_8.1 ;
    %jmp T_8;
    .thread T_8;
    .scope S_0x5ed3001242e0;
T_9 ;
    %wait E_0x5ed3001551c0;
    %load/vec4 v0x5ed300135c20_0;
    %flag_set/vec4 8;
    %jmp/0xz  T_9.0, 8;
    %load/vec4 v0x5ed3001383a0_0;
    %load/vec4 v0x5ed300137640_0;
    %pad/u 4;
    %ix/vec4 3;
    %ix/load 4, 0, 0; Constant delay
    %assign/vec4/a/d v0x5ed3001334a0, 0, 4;
T_9.0 ;
    %jmp T_9;
    .thread T_9;
    .scope S_0x5ed3001242e0;
T_10 ;
    %wait E_0x5ed2fffab9c0;
    %load/vec4 v0x5ed300137150_0;
    %flag_set/vec4 8;
    %jmp/0xz  T_10.0, 8;
    %pushi/vec4 0, 0, 2;
    %assign/vec4 v0x5ed300132740_0, 0;
    %jmp T_10.1;
T_10.0 ;
    %load/vec4 v0x5ed300135c20_0;
    %load/vec4 v0x5ed300134ec0_0;
    %inv;
    %and;
    %flag_set/vec4 8;
    %jmp/0xz  T_10.2, 8;
    %load/vec4 v0x5ed300132740_0;
    %addi 1, 0, 2;
    %assign/vec4 v0x5ed300132740_0, 0;
    %jmp T_10.3;
T_10.2 ;
    %load/vec4 v0x5ed300134ec0_0;
    %load/vec4 v0x5ed300135c20_0;
    %inv;
    %and;
    %flag_set/vec4 8;
    %jmp/0xz  T_10.4, 8;
    %load/vec4 v0x5ed300132740_0;
    %subi 1, 0, 2;
    %assign/vec4 v0x5ed300132740_0, 0;
T_10.4 ;
T_10.3 ;
T_10.1 ;
    %jmp T_10;
    .thread T_10;
    .scope S_0x5ed300126d30;
T_11 ;
    %wait E_0x5ed2fffab9c0;
    %load/vec4 v0x5ed30012c4c0_0;
    %flag_set/vec4 8;
    %jmp/0xz  T_11.0, 8;
    %pushi/vec4 0, 0, 3;
    %assign/vec4 v0x5ed30012c7b0_0, 0;
    %jmp T_11.1;
T_11.0 ;
    %load/vec4 v0x5ed300122ed0_0;
    %flag_set/vec4 8;
    %jmp/0xz  T_11.2, 8;
    %load/vec4 v0x5ed30012c7b0_0;
    %cmpi/e 6, 0, 3;
    %flag_mov 8, 4;
    %jmp/0 T_11.4, 8;
    %pushi/vec4 0, 0, 3;
    %jmp/1 T_11.5, 8;
T_11.4 ; End of true expr.
    %load/vec4 v0x5ed30012c7b0_0;
    %addi 1, 0, 3;
    %jmp/0 T_11.5, 8;
 ; End of false expr.
    %blend;
T_11.5;
    %assign/vec4 v0x5ed30012c7b0_0, 0;
T_11.2 ;
T_11.1 ;
    %jmp T_11;
    .thread T_11;
    .scope S_0x5ed300126d30;
T_12 ;
    %wait E_0x5ed2fffab9c0;
    %load/vec4 v0x5ed30012c4c0_0;
    %flag_set/vec4 8;
    %jmp/0xz  T_12.0, 8;
    %pushi/vec4 0, 0, 3;
    %assign/vec4 v0x5ed3001231c0_0, 0;
    %jmp T_12.1;
T_12.0 ;
    %load/vec4 v0x5ed30011ed60_0;
    %flag_set/vec4 8;
    %jmp/0xz  T_12.2, 8;
    %load/vec4 v0x5ed3001231c0_0;
    %cmpi/e 6, 0, 3;
    %flag_mov 8, 4;
    %jmp/0 T_12.4, 8;
    %pushi/vec4 0, 0, 3;
    %jmp/1 T_12.5, 8;
T_12.4 ; End of true expr.
    %load/vec4 v0x5ed3001231c0_0;
    %addi 1, 0, 3;
    %jmp/0 T_12.5, 8;
 ; End of false expr.
    %blend;
T_12.5;
    %assign/vec4 v0x5ed3001231c0_0, 0;
T_12.2 ;
T_12.1 ;
    %jmp T_12;
    .thread T_12;
    .scope S_0x5ed300126d30;
T_13 ;
    %wait E_0x5ed3001551c0;
    %load/vec4 v0x5ed300122ed0_0;
    %flag_set/vec4 8;
    %jmp/0xz  T_13.0, 8;
    %load/vec4 v0x5ed30012dbb0_0;
    %load/vec4 v0x5ed30012c7b0_0;
    %pad/u 5;
    %ix/vec4 3;
    %ix/load 4, 0, 0; Constant delay
    %assign/vec4/a/d v0x5ed30011a610, 0, 4;
T_13.0 ;
    %jmp T_13;
    .thread T_13;
    .scope S_0x5ed300126d30;
T_14 ;
    %wait E_0x5ed2fffab9c0;
    %load/vec4 v0x5ed30012c4c0_0;
    %flag_set/vec4 8;
    %jmp/0xz  T_14.0, 8;
    %pushi/vec4 0, 0, 3;
    %assign/vec4 v0x5ed3001164a0_0, 0;
    %jmp T_14.1;
T_14.0 ;
    %load/vec4 v0x5ed300122ed0_0;
    %load/vec4 v0x5ed30011ed60_0;
    %inv;
    %and;
    %flag_set/vec4 8;
    %jmp/0xz  T_14.2, 8;
    %load/vec4 v0x5ed3001164a0_0;
    %addi 1, 0, 3;
    %assign/vec4 v0x5ed3001164a0_0, 0;
    %jmp T_14.3;
T_14.2 ;
    %load/vec4 v0x5ed30011ed60_0;
    %load/vec4 v0x5ed300122ed0_0;
    %inv;
    %and;
    %flag_set/vec4 8;
    %jmp/0xz  T_14.4, 8;
    %load/vec4 v0x5ed3001164a0_0;
    %subi 1, 0, 3;
    %assign/vec4 v0x5ed3001164a0_0, 0;
T_14.4 ;
T_14.3 ;
T_14.1 ;
    %jmp T_14;
    .thread T_14;
    .scope S_0x5ed300101220;
T_15 ;
    %wait E_0x5ed3001551c0;
    %load/vec4 v0x5ed3000af4c0_0;
    %flag_set/vec4 8;
    %jmp/0xz  T_15.0, 8;
    %pushi/vec4 0, 0, 1;
    %assign/vec4 v0x5ed3000b3690_0, 0;
    %jmp T_15.1;
T_15.0 ;
    %load/vec4 v0x5ed3000b8e00_0;
    %assign/vec4 v0x5ed3000b3690_0, 0;
T_15.1 ;
    %jmp T_15;
    .thread T_15;
    .scope S_0x5ed300101220;
T_16 ;
    %wait E_0x5ed3001551c0;
    %load/vec4 v0x5ed3000b8e00_0;
    %flag_set/vec4 8;
    %jmp/0xz  T_16.0, 8;
    %load/vec4 v0x5ed3000b9ab0_0;
    %assign/vec4 v0x5ed3000b3730_0, 0;
    %load/vec4 v0x5ed3000b90f0_0;
    %assign/vec4 v0x5ed3000b04c0_0, 0;
T_16.0 ;
    %jmp T_16;
    .thread T_16;
    .scope S_0x5ed3000ca830;
T_17 ;
    %wait E_0x5ed3001551c0;
    %load/vec4 v0x5ed3000e7a30_0;
    %flag_set/vec4 8;
    %jmp/0xz  T_17.0, 8;
    %pushi/vec4 0, 0, 1;
    %assign/vec4 v0x5ed3000ebd90_0, 0;
    %jmp T_17.1;
T_17.0 ;
    %load/vec4 v0x5ed3000f4650_0;
    %assign/vec4 v0x5ed3000ebd90_0, 0;
T_17.1 ;
    %jmp T_17;
    .thread T_17;
    .scope S_0x5ed3000ca830;
T_18 ;
    %wait E_0x5ed3001551c0;
    %load/vec4 v0x5ed3000f4650_0;
    %flag_set/vec4 8;
    %jmp/0xz  T_18.0, 8;
    %load/vec4 v0x5ed3000fba50_0;
    %assign/vec4 v0x5ed3000ebe30_0, 0;
    %load/vec4 v0x5ed3000f8b40_0;
    %assign/vec4 v0x5ed3000e7970_0, 0;
T_18.0 ;
    %jmp T_18;
    .thread T_18;
    .scope S_0x5ed3000a7770;
T_19 ;
    %wait E_0x5ed3001551c0;
    %load/vec4 v0x5ed3000e4d20_0;
    %flag_set/vec4 8;
    %jmp/0xz  T_19.0, 8;
    %pushi/vec4 0, 0, 1;
    %assign/vec4 v0x5ed30012ccd0_0, 0;
    %jmp T_19.1;
T_19.0 ;
    %load/vec4 v0x5ed30012e920_0;
    %assign/vec4 v0x5ed30012ccd0_0, 0;
T_19.1 ;
    %jmp T_19;
    .thread T_19;
    .scope S_0x5ed3000a7770;
T_20 ;
    %wait E_0x5ed3001551c0;
    %load/vec4 v0x5ed30012e920_0;
    %flag_set/vec4 8;
    %jmp/0xz  T_20.0, 8;
    %load/vec4 v0x5ed30012f000_0;
    %assign/vec4 v0x5ed30012cd70_0, 0;
    %load/vec4 v0x5ed30012e850_0;
    %assign/vec4 v0x5ed3000e5410_0, 0;
T_20.0 ;
    %jmp T_20;
    .thread T_20;
    .scope S_0x5ed2fff945a0;
T_21 ;
    %wait E_0x5ed3001551c0;
    %load/vec4 v0x5ed2fff8e550_0;
    %flag_set/vec4 8;
    %jmp/0xz  T_21.0, 8;
    %pushi/vec4 0, 0, 1;
    %assign/vec4 v0x5ed2fff8b650_0, 0;
    %jmp T_21.1;
T_21.0 ;
    %load/vec4 v0x5ed2fff8b440_0;
    %assign/vec4 v0x5ed2fff8b650_0, 0;
T_21.1 ;
    %jmp T_21;
    .thread T_21;
    .scope S_0x5ed2fff945a0;
T_22 ;
    %wait E_0x5ed3001551c0;
    %load/vec4 v0x5ed2fff8b440_0;
    %flag_set/vec4 8;
    %jmp/0xz  T_22.0, 8;
    %load/vec4 v0x5ed2fff82c30_0;
    %assign/vec4 v0x5ed2fff8b6f0_0, 0;
    %load/vec4 v0x5ed2fff82cf0_0;
    %assign/vec4 v0x5ed2fff8b7d0_0, 0;
T_22.0 ;
    %jmp T_22;
    .thread T_22;
    .scope S_0x5ed300159940;
T_23 ;
    %wait E_0x5ed3001551c0;
    %load/vec4 v0x5ed30015b5a0_0;
    %flag_set/vec4 8;
    %jmp/0xz  T_23.0, 8;
    %pushi/vec4 0, 0, 1;
    %assign/vec4 v0x5ed30015b2b0_0, 0;
    %jmp T_23.1;
T_23.0 ;
    %load/vec4 v0x5ed30015b0a0_0;
    %assign/vec4 v0x5ed30015b2b0_0, 0;
T_23.1 ;
    %jmp T_23;
    .thread T_23;
    .scope S_0x5ed300159940;
T_24 ;
    %wait E_0x5ed3001551c0;
    %load/vec4 v0x5ed30015b0a0_0;
    %flag_set/vec4 8;
    %jmp/0xz  T_24.0, 8;
    %load/vec4 v0x5ed30015aee0_0;
    %assign/vec4 v0x5ed30015b350_0, 0;
    %load/vec4 v0x5ed30015afa0_0;
    %assign/vec4 v0x5ed30015b430_0, 0;
T_24.0 ;
    %jmp T_24;
    .thread T_24;
    .scope S_0x5ed300161560;
T_25 ;
    %wait E_0x5ed3001551c0;
    %load/vec4 v0x5ed300163240_0;
    %flag_set/vec4 8;
    %jmp/0xz  T_25.0, 8;
    %pushi/vec4 0, 0, 1;
    %assign/vec4 v0x5ed300162fe0_0, 0;
    %jmp T_25.1;
T_25.0 ;
    %load/vec4 v0x5ed300162dd0_0;
    %assign/vec4 v0x5ed300162fe0_0, 0;
T_25.1 ;
    %jmp T_25;
    .thread T_25;
    .scope S_0x5ed300161560;
T_26 ;
    %wait E_0x5ed3001551c0;
    %load/vec4 v0x5ed300162dd0_0;
    %flag_set/vec4 8;
    %jmp/0xz  T_26.0, 8;
    %load/vec4 v0x5ed300162c10_0;
    %assign/vec4 v0x5ed300163080_0, 0;
    %load/vec4 v0x5ed300162cd0_0;
    %assign/vec4 v0x5ed300163160_0, 0;
T_26.0 ;
    %jmp T_26;
    .thread T_26;
    .scope S_0x5ed30016f9f0;
T_27 ;
    %wait E_0x5ed3001551c0;
    %load/vec4 v0x5ed300171620_0;
    %flag_set/vec4 8;
    %jmp/0xz  T_27.0, 8;
    %pushi/vec4 0, 0, 1;
    %assign/vec4 v0x5ed300171330_0, 0;
    %jmp T_27.1;
T_27.0 ;
    %load/vec4 v0x5ed300171120_0;
    %assign/vec4 v0x5ed300171330_0, 0;
T_27.1 ;
    %jmp T_27;
    .thread T_27;
    .scope S_0x5ed30016f9f0;
T_28 ;
    %wait E_0x5ed3001551c0;
    %load/vec4 v0x5ed300171120_0;
    %flag_set/vec4 8;
    %jmp/0xz  T_28.0, 8;
    %load/vec4 v0x5ed300170f60_0;
    %assign/vec4 v0x5ed3001713d0_0, 0;
    %load/vec4 v0x5ed300171020_0;
    %assign/vec4 v0x5ed3001714b0_0, 0;
T_28.0 ;
    %jmp T_28;
    .thread T_28;
    .scope S_0x5ed300177620;
T_29 ;
    %wait E_0x5ed3001551c0;
    %load/vec4 v0x5ed300179280_0;
    %flag_set/vec4 8;
    %jmp/0xz  T_29.0, 8;
    %pushi/vec4 0, 0, 1;
    %assign/vec4 v0x5ed300178f90_0, 0;
    %jmp T_29.1;
T_29.0 ;
    %load/vec4 v0x5ed300178d80_0;
    %assign/vec4 v0x5ed300178f90_0, 0;
T_29.1 ;
    %jmp T_29;
    .thread T_29;
    .scope S_0x5ed300177620;
T_30 ;
    %wait E_0x5ed3001551c0;
    %load/vec4 v0x5ed300178d80_0;
    %flag_set/vec4 8;
    %jmp/0xz  T_30.0, 8;
    %load/vec4 v0x5ed300178bc0_0;
    %assign/vec4 v0x5ed300179030_0, 0;
    %load/vec4 v0x5ed300178c80_0;
    %assign/vec4 v0x5ed300179110_0, 0;
T_30.0 ;
    %jmp T_30;
    .thread T_30;
    .scope S_0x5ed30017f240;
T_31 ;
    %wait E_0x5ed3001551c0;
    %load/vec4 v0x5ed300180ea0_0;
    %flag_set/vec4 8;
    %jmp/0xz  T_31.0, 8;
    %pushi/vec4 0, 0, 1;
    %assign/vec4 v0x5ed300180bb0_0, 0;
    %jmp T_31.1;
T_31.0 ;
    %load/vec4 v0x5ed3001809a0_0;
    %assign/vec4 v0x5ed300180bb0_0, 0;
T_31.1 ;
    %jmp T_31;
    .thread T_31;
    .scope S_0x5ed30017f240;
T_32 ;
    %wait E_0x5ed3001551c0;
    %load/vec4 v0x5ed3001809a0_0;
    %flag_set/vec4 8;
    %jmp/0xz  T_32.0, 8;
    %load/vec4 v0x5ed3001807e0_0;
    %assign/vec4 v0x5ed300180c50_0, 0;
    %load/vec4 v0x5ed3001808a0_0;
    %assign/vec4 v0x5ed300180d30_0, 0;
T_32.0 ;
    %jmp T_32;
    .thread T_32;
    .scope S_0x5ed3001293e0;
T_33 ;
    %wait E_0x5ed3001551c0;
    %load/vec4 v0x5ed300187e80_0;
    %flag_set/vec4 8;
    %jmp/0xz  T_33.0, 8;
    %pushi/vec4 0, 0, 1;
    %assign/vec4 v0x5ed300188300_0, 0;
    %pushi/vec4 0, 0, 1;
    %assign/vec4 v0x5ed3001885a0_0, 0;
    %jmp T_33.1;
T_33.0 ;
    %load/vec4 v0x5ed300188260_0;
    %flag_set/vec4 8;
    %jmp/0 T_33.2, 8;
    %pushi/vec4 1, 0, 1;
    %jmp/1 T_33.3, 8;
T_33.2 ; End of true expr.
    %pushi/vec4 0, 0, 1;
    %jmp/0 T_33.3, 8;
 ; End of false expr.
    %blend;
T_33.3;
    %assign/vec4 v0x5ed300188300_0, 0;
    %load/vec4 v0x5ed3001884b0_0;
    %flag_set/vec4 8;
    %jmp/0 T_33.4, 8;
    %pushi/vec4 1, 0, 1;
    %jmp/1 T_33.5, 8;
T_33.4 ; End of true expr.
    %pushi/vec4 0, 0, 1;
    %jmp/0 T_33.5, 8;
 ; End of false expr.
    %blend;
T_33.5;
    %assign/vec4 v0x5ed3001885a0_0, 0;
T_33.1 ;
    %jmp T_33;
    .thread T_33;
    .scope S_0x5ed3001293e0;
T_34 ;
    %wait E_0x5ed3001551c0;
    %load/vec4 v0x5ed300188260_0;
    %flag_set/vec4 8;
    %jmp/0xz  T_34.0, 8;
    %load/vec4 v0x5ed300187f20_0;
    %pad/u 32;
    %load/vec4 v0x5ed300187bb0_0;
    %add;
    %assign/vec4 v0x5ed300187ff0_0, 0;
T_34.0 ;
    %load/vec4 v0x5ed3001884b0_0;
    %flag_set/vec4 8;
    %jmp/0xz  T_34.2, 8;
    %load/vec4 v0x5ed3001880c0_0;
    %pad/u 32;
    %load/vec4 v0x5ed300187ae0_0;
    %add;
    %assign/vec4 v0x5ed300188190_0, 0;
T_34.2 ;
    %jmp T_34;
    .thread T_34;
    .scope S_0x5ed3000fbf20;
T_35 ;
    %pushi/vec4 0, 0, 1;
    %store/vec4 v0x5ed30018a040_0, 0, 1;
    %pushi/vec4 0, 0, 32;
    %store/vec4 v0x5ed300189a90_0, 0, 32;
    %pushi/vec4 0, 0, 1;
    %store/vec4 v0x5ed30018a2d0_0, 0, 1;
    %end;
    .thread T_35, $init;
    .scope S_0x5ed3000fbf20;
T_36 ;
    %pushi/vec4 1, 0, 1;
    %store/vec4 v0x5ed300189950_0, 0, 1;
T_36.0 ;
    %delay 5, 0;
    %load/vec4 v0x5ed3001899f0_0;
    %flag_set/vec4 8;
    %jmp/0xz  T_36.1, 8;
    %load/vec4 v0x5ed300189950_0;
    %inv;
    %store/vec4 v0x5ed300189950_0, 0, 1;
T_36.1 ;
    %jmp T_36.0;
    %end;
    .thread T_36;
    .scope S_0x5ed3000fbf20;
T_37 ;
    %vpi_call/w 5 97 "$sformat", v0x5ed30018a100_0, "%s formula %0d pipe %0d fifo %0d:", "testbenches/formula_tb.sv", P_0x5ed30002bf90, P_0x5ed30002c050, P_0x5ed30002bf50 {0 0 0};
    %end;
    .thread T_37;
    .scope S_0x5ed3000fbf20;
T_38 ;
    %wait E_0x5ed3001551c0;
    %vpi_call/w 5 248 "$write", "%s time %7d cycle %5d", v0x5ed30018a100_0, $time, v0x5ed300189a90_0 {0 0 0};
    %load/vec4 v0x5ed300189a90_0;
    %addi 1, 0, 32;
    %cast2;
    %assign/vec4 v0x5ed300189a90_0, 0;
    %load/vec4 v0x5ed300189fa0_0;
    %flag_set/vec4 8;
    %jmp/0xz  T_38.0, 8;
    %vpi_call/w 5 252 "$write", " rst" {0 0 0};
    %jmp T_38.1;
T_38.0 ;
    %vpi_call/w 5 254 "$write", "    " {0 0 0};
T_38.1 ;
    %load/vec4 v0x5ed3001896d0_0;
    %flag_set/vec4 8;
    %jmp/0xz  T_38.2, 8;
    %vpi_call/w 5 257 "$write", " arg %d %d %d", v0x5ed300189540_0, v0x5ed300189770_0, v0x5ed300189810_0 {0 0 0};
    %jmp T_38.3;
T_38.2 ;
    %vpi_call/w 5 259 "$write", "                                     " {0 0 0};
T_38.3 ;
    %load/vec4 v0x5ed300189f00_0;
    %flag_set/vec4 8;
    %jmp/0xz  T_38.4, 8;
    %vpi_call/w 5 262 "$write", " res %d", v0x5ed300189d00_0 {0 0 0};
T_38.4 ;
    %vpi_call/w 5 264 "$display" {0 0 0};
    %jmp T_38;
    .thread T_38;
    .scope S_0x5ed3000fbf20;
T_39 ;
    %wait E_0x5ed3001551c0;
    %load/vec4 v0x5ed300189fa0_0;
    %flag_set/vec4 8;
    %jmp/0xz  T_39.0, 8;
    %ix/load 4, 0, 0;
    %null;
    %store/obj v0x5ed300189c60_0;
    %pushi/vec4 1, 0, 1;
    %store/vec4 v0x5ed30018a2d0_0, 0, 1;
    %jmp T_39.1;
T_39.0 ;
    %load/vec4 v0x5ed30018a2d0_0;
    %flag_set/vec4 8;
    %jmp/0xz  T_39.2, 8;
    %load/vec4 v0x5ed3001896d0_0;
    %flag_set/vec4 8;
    %jmp/0xz  T_39.4, 8;
    %pushi/vec4 2, 0, 32;
    %dup/vec4;
    %pushi/vec4 1, 0, 32;
    %cmp/u;
    %jmp/1 T_39.6, 6;
    %dup/vec4;
    %pushi/vec4 2, 0, 32;
    %cmp/u;
    %jmp/1 T_39.7, 6;
    %vpi_call/w 5 295 "$error" {0 0 0};
    %jmp T_39.9;
T_39.6 ;
    %load/vec4 v0x5ed300189540_0;
    %load/vec4 v0x5ed300189770_0;
    %load/vec4 v0x5ed300189810_0;
    %store/vec4 v0x5ed3000e9dc0_0, 0, 32;
    %store/vec4 v0x5ed3000e9ad0_0, 0, 32;
    %store/vec4 v0x5ed3000d3420_0, 0, 32;
    %callf/vec4 TD_tb.i_formula_2_pipe_using_fifos_tb.formula_1_fn, S_0x5ed300048a50;
    %store/vec4 v0x5ed300189e40_0, 0, 32;
    %jmp T_39.9;
T_39.7 ;
    %load/vec4 v0x5ed300189540_0;
    %load/vec4 v0x5ed300189770_0;
    %load/vec4 v0x5ed300189810_0;
    %store/vec4 v0x5ed3000f26e0_0, 0, 32;
    %store/vec4 v0x5ed3000f23f0_0, 0, 32;
    %store/vec4 v0x5ed3000ee2d0_0, 0, 32;
    %callf/vec4 TD_tb.i_formula_2_pipe_using_fifos_tb.formula_2_fn, S_0x5ed30002e030;
    %store/vec4 v0x5ed300189e40_0, 0, 32;
    %jmp T_39.9;
T_39.9 ;
    %pop/vec4 1;
    %ix/load 4, 0, 0;
    %load/vec4 v0x5ed300189e40_0;
    %store/qb/v v0x5ed300189c60_0, 4, 32;
T_39.4 ;
    %load/vec4 v0x5ed300189f00_0;
    %flag_set/vec4 8;
    %jmp/0xz  T_39.10, 8;
    %vpi_func 5 303 "$size" 32, v0x5ed300189c60_0 {0 0 0};
    %cmpi/e 0, 0, 32;
    %jmp/0xz  T_39.12, 4;
    %vpi_call/w 5 305 "$display", "%s FAIL: unexpected result %0d", v0x5ed30018a100_0, v0x5ed300189d00_0 {0 0 0};
    %vpi_call/w 5 308 "$finish" {0 0 0};
    %jmp T_39.13;
T_39.12 ;
    %ix/load 3, 0, 0;
    %flag_set/imm 4, 0;
    %load/dar/vec4 v0x5ed300189c60_0;
    %store/vec4 v0x5ed300189e40_0, 0, 32;
    %ix/load 3, 0, 0;
    %flag_set/imm 4, 0;
    %delete/elem v0x5ed300189c60_0;
    %load/vec4 v0x5ed300189d00_0;
    %load/vec4 v0x5ed300189e40_0;
    %cmp/ne;
    %jmp/0xz  T_39.14, 6;
    %vpi_call/w 5 322 "$display", "%s FAIL: res mismatch. Expected %0d, actual %0d", v0x5ed30018a100_0, v0x5ed300189e40_0, v0x5ed300189d00_0 {0 0 0};
    %vpi_call/w 5 325 "$finish" {0 0 0};
T_39.14 ;
T_39.13 ;
T_39.10 ;
T_39.2 ;
T_39.1 ;
    %jmp T_39;
    .thread T_39;
    .scope S_0x5ed3000fbf20;
T_40 ;
    %vpi_func 5 338 "$size" 32, v0x5ed300189c60_0 {0 0 0};
    %cmpi/e 0, 0, 32;
    %jmp/0xz  T_40.0, 4;
    %load/vec4 v0x5ed30018a040_0;
    %flag_set/vec4 8;
    %jmp/0xz  T_40.2, 8;
    %vpi_call/w 5 341 "$display", "%s PASS", v0x5ed30018a100_0 {0 0 0};
    %jmp T_40.3;
T_40.2 ;
    %vpi_call/w 5 343 "$display", "%s FAIL: did not run or run was not completed", v0x5ed30018a100_0 {0 0 0};
T_40.3 ;
    %jmp T_40.1;
T_40.0 ;
    %vpi_func 5 349 "$size" 32, v0x5ed300189c60_0 {0 0 0};
    %vpi_call/w 5 348 "$write", "%s FAIL: data is left sitting in the model queue (%d left):", v0x5ed30018a100_0, S<0,vec4,s32> {1 0 0};
    %fork t_7, S_0x5ed300112230;
    %jmp t_6;
    .scope S_0x5ed300112230;
t_7 ;
    %pushi/vec4 0, 0, 32;
    %store/vec4 v0x5ed3000e5bd0_0, 0, 32;
T_40.4 ;
    %load/vec4 v0x5ed3000e5bd0_0;
    %vpi_func 5 351 "$size" 32, v0x5ed300189c60_0 {0 0 0};
    %cmp/s;
    %jmp/0xz T_40.5, 5;
    %vpi_func 5 352 "$size" 32, v0x5ed300189c60_0 {0 0 0};
    %load/vec4 v0x5ed3000e5bd0_0;
    %sub;
    %subi 1, 0, 32;
    %ix/vec4/s 3;
    %load/dar/vec4 v0x5ed300189c60_0;
    %vpi_call/w 5 352 "$write", " %h", S<0,vec4,u32> {1 0 0};
    ; show_stmt_assign_vector: Get l-value for compressed += operand
    %load/vec4 v0x5ed3000e5bd0_0;
    %pushi/vec4 1, 0, 32;
    %add;
    %cast2;
    %store/vec4 v0x5ed3000e5bd0_0, 0, 32;
    %jmp T_40.4;
T_40.5 ;
    %end;
    .scope S_0x5ed3000fbf20;
t_6 %join;
    %vpi_call/w 5 354 "$display" {0 0 0};
T_40.1 ;
    %end;
    .thread T_40, $final;
    .scope S_0x5ed3000fbf20;
T_41 ;
    %wait E_0x5ed3001551c0;
    %load/vec4 v0x5ed300189fa0_0;
    %flag_set/vec4 8;
    %jmp/0xz  T_41.0, 8;
    %pushi/vec4 0, 0, 33;
    %assign/vec4 v0x5ed300189b30_0, 0;
    %pushi/vec4 0, 0, 33;
    %assign/vec4 v0x5ed300189630_0, 0;
    %pushi/vec4 0, 0, 33;
    %assign/vec4 v0x5ed300189da0_0, 0;
    %jmp T_41.1;
T_41.0 ;
    %load/vec4 v0x5ed300189b30_0;
    %addi 1, 0, 33;
    %assign/vec4 v0x5ed300189b30_0, 0;
    %load/vec4 v0x5ed3001896d0_0;
    %flag_set/vec4 8;
    %jmp/0xz  T_41.2, 8;
    %load/vec4 v0x5ed300189630_0;
    %addi 1, 0, 33;
    %assign/vec4 v0x5ed300189630_0, 0;
T_41.2 ;
    %load/vec4 v0x5ed300189f00_0;
    %flag_set/vec4 8;
    %jmp/0xz  T_41.4, 8;
    %load/vec4 v0x5ed300189da0_0;
    %addi 1, 0, 33;
    %assign/vec4 v0x5ed300189da0_0, 0;
T_41.4 ;
T_41.1 ;
    %jmp T_41;
    .thread T_41;
    .scope S_0x5ed3000fbf20;
T_42 ;
    %vpi_call/w 5 384 "$display", "\012\012number of transfers : arg %0d res %0d per %0d cycles", v0x5ed300189630_0, v0x5ed300189da0_0, v0x5ed300189b30_0 {0 0 0};
    %end;
    .thread T_42, $final;
    .scope S_0x5ed3000fbf20;
T_43 ;
    %pushi/vec4 1000, 0, 32;
T_43.0 %dup/vec4;
    %pushi/vec4 0, 0, 32;
    %cmp/s;
    %jmp/1xz T_43.1, 5;
    %jmp/1 T_43.1, 4;
    %pushi/vec4 1, 0, 32;
    %sub;
    %wait E_0x5ed3001551c0;
    %jmp T_43.0;
T_43.1 ;
    %pop/vec4 1;
    %vpi_call/w 5 393 "$display", "%s FAIL: timeout!", v0x5ed30018a100_0 {0 0 0};
    %vpi_call/w 5 394 "$finish" {0 0 0};
    %end;
    .thread T_43;
    .scope S_0x5ed3000b8780;
T_44 ;
    %vpi_call/w 4 33 "$dumpvars" {0 0 0};
    %fork TD_tb.i_formula_2_pipe_using_fifos_tb.run, S_0x5ed300188e60;
    %join;
    %vpi_call/w 4 48 "$finish" {0 0 0};
    %end;
    .thread T_44;
# The file index is used to find the file name in the following table.
:file_names 14;
    "N/A";
    "<interactive>";
    "-";
    "04_09_shift_register_with_valid.sv";
    "testbenches/tb.sv";
    "testbenches/formula_tb.sv";
    "./formula_1_fn.svh";
    "./formula_2_fn.svh";
    "05_06_formula_2_pipe_using_fifos.sv";
    "flip_flop_fifo_with_counter.sv";
    "../../common/isqrt/isqrt.sv";
    "../../common/isqrt/isqrt_slice_comb.sv";
    "../../common/isqrt/isqrt_slice_reg.sv";
    "testbenches/isqrt_fn.svh";
